provincia_id,provincia,municipio,sede,tipo,direccion,telefono,email
1, Buenos Aires,ADOLFO G. CHAVES (UE),,Unidad de empleo,"BARTOLOME MITRE Y JUAN ELICAGARAY, PB(7513)",0220-476-3390/2260,ueadolfogchaves@trabajo.gob.ar
1, Buenos Aires,ALMIRANTE BROWN (OE),,Oficina de empleo,"TOLL 1560, PB(1846)",0237-4840123,oealmirantebrown@trabajo.gob.ar
1, Buenos Aires,ARRECIFES (OE),,Oficina de empleo,"RICARDO GUTIERREZ 730, PB(2740)",4450-6002,oearrecifes@trabajo.gob.ar
1, Buenos Aires,AVELLANEDA (OE),,Oficina de empleo,"AV. HIPOLITO YRIGOYEN 381, PB(1870)",4661-8434 / 8418,oeavellaneda@trabajo.gob.ar
1, Buenos Aires,AYACUCHO (OE),,Oficina de empleo,"HIPOLITO IRIGOYEN 882, PB(7150)",4482-0279,oeayacucho@trabajo.gob.ar
1, Buenos Aires,AZUL (OE),,Oficina de empleo,"SAN MARTIN 612 , PB(7300)",02323-438615,oeazul@trabajo.gob.ar
1, Buenos Aires,BAHIA BLANCA (OE),,Oficina de empleo,"ALSINA 63, PB(8000)",0220 - 477 - 5709,oebahiablanca@trabajo.gob.ar
1, Buenos Aires,BALCARCE (OE),,Oficina de empleo,"CALLE 23 Nro636, PB(7620)",0237-4634927/5037,oebalcarce@trabajo.gob.ar
1, Buenos Aires,BARADERO (OE),,Oficina de empleo,"ARAOZ 995, 1ro (2942)",4489-7777 Interno: 7724,oebaradero@trabajo.gob.ar
1, Buenos Aires,BENITO JUAREZ (UE),,Unidad de empleo,"OTAMENDI 21, PB(7020)",0291-4594000 INT. 2258,pendiente
1, Buenos Aires,BERAZATEGUI (OE),,Oficina de empleo,"AVENIDA MILAZZO 3251, PB(1884)",0221-4645010,oeberazategui@trabajo.gob.ar
1, Buenos Aires,BERISSO (OE),,Oficina de empleo,"MONTEVIDEO Y NUEVA YORK EDIFICIO POLIGONO INDUSTRIAL, 2do (1923)",02314 - 427203/04 int. 252,oeberisso@trabajo.gob.ar
1, Buenos Aires,BOLIVAR (OE),,Oficina de empleo,"ARENALES 58 , PB(6550)",02342-423147,oebolivar@trabajo.gob.ar
1, Buenos Aires,BRAGADO (OE),,Oficina de empleo,"ALSINA 172, PB(6640)",02226-423-734,oebragado@trabajo.gob.ar
1, Buenos Aires,CAMPANA (OE),,Oficina de empleo,"25 DE MAYO 957, PB(2804)",02395-451101,oecampana@trabajo.gob.ar
1, Buenos Aires,CAÑUELAS (OE),,Oficina de empleo,"SAN MARTIN 435, PB(1814)","02245-480101 int, 217",oecanuelas@trabajo.gob.ar
1, Buenos Aires,CARLOS CASARES (OE),,Oficina de empleo,"MAIPU 276, PB(6530)",02352-430338,oecarloscasares@trabajo.gob.ar
1, Buenos Aires,CASTELLI (OE),,Oficina de empleo,"AV 25 DE MAYO 205, PB(7114)",02241- 436365,oecastelli@trabajo.gob.ar
1, Buenos Aires,CHACABUCO (OE),,Oficina de empleo,"PRIMERA JUNTA Y OLAVARRIA, PB(6740)",02346-421256,oechacabuco@trabajo.gob.ar
1, Buenos Aires,CHASCOMUS (OE),,Oficina de empleo,"LIBRES DEL SUR 272 E/BOLIVAR Y MAZZINI, PB(7130)",02922-462396,oechascomus@trabajo.gob.ar
1, Buenos Aires,CHIVILCOY (OE),,Oficina de empleo,"SALTA 110, PB(6620)",02316-453636,oechivilcoy@trabajo.gob.ar
1, Buenos Aires,CORONEL PRINGLES (OE),,Oficina de empleo,"AV. 25 DE MAYO 1650, PB(7530)",0220-4602438,oepringles@trabajo.gob.ar
1, Buenos Aires,CORONEL SUAREZ (OE),,Oficina de empleo,"ALSINA 132, PB(7540)",02243-454134,oecnelsuarez@trabajo.gob.ar
1, Buenos Aires,DAIREAUX (OE),,Oficina de empleo,"CARLOS PELLEGRINI 159, PB(6555)",02923-15465059,oedaireaux@trabajo.gob.ar
1, Buenos Aires,DE LA COSTA (OE),,Oficina de empleo,"AV. COSTANERA 8001, PB(7108)",02314-451096,oedelacosta@trabajo.gob.ar
1, Buenos Aires,ENSENADA (OE),,Oficina de empleo,"MARQUES DE AVILES 620, PB(1925)",0221-425-6161 / (0221) 425-1917,oeensenada@trabajo.gob.ar
1, Buenos Aires,ESCOBAR (OE),,Oficina de empleo,"ABSORNO Y ESTRADA, 1ro (1625)",0221-4831016,oeescobar@trabajo.gob.ar
1, Buenos Aires,ESTEBAN ECHEVERRIA (OE),,Oficina de empleo,"SOFIA T DE SANTA MARINA 455, 4to(1842)",02242-432135,oeecheverria@trabajo.gob.ar
1, Buenos Aires,EXALTACION DE LA CRUZ (OE),,Oficina de empleo,"MORENO 452, PB(2812)",02355-422001 internos 220 - 404,oeexaltaciondlcruz@trabajo.gob.ar
1, Buenos Aires,EZEIZA (OE),,Oficina de empleo,"CANALE 124 - TRISTAN SUAREZ, PB(1806)",02227-431450/56,oeezeiza@trabajo.gob.ar
1, Buenos Aires,FLORENCIO VARELA (OE),,Oficina de empleo,"AVDA. CALCHAQUI Y SARGENTO CABRAL 6200, 1ro (1888)",02324-421370,oevarela@trabajo.gob.ar
1, Buenos Aires,FLORENTINO AMEGHINO (OE),,Oficina de empleo,"9 DE JULIO 668, 1ro (6064)",02271 406600 interno 123,oeameghino@trabajo.gob.ar
1, Buenos Aires,GENERAL ALVARADO (OE),,Oficina de empleo,"CALLE 28 1135, PB(7607)",02921-483063,oealvarado@trabajo.gob.ar
1, Buenos Aires,GENERAL ALVEAR (UE),,Unidad de empleo,"SARMIENTO E/ ROQUE PEREZ E ISLEÑO, PB(7263)",02227-15462781,uegeneralalvear@trabajo.gob.ar
1, Buenos Aires,GENERAL LAS HERAS (OE),,Oficina de empleo,"RIVADAVIA 220 PB (1741), PB(1741)",02923-499013/498079,pendiente
1, Buenos Aires,GENERAL MANUEL BELGRANO (OE),,Oficina de empleo,"SAN MARTIN Y RIVADAVIA, PB(7223)",02221-480553,oebelgrano@trabajo.gob.ar
1, Buenos Aires,GENERAL PUEYRREDON (OE),,Oficina de empleo,"25 DE MAYO 3949, PB(7600)",02344-453304 / 450520,oemardelplata@trabajo.gob.ar
1, Buenos Aires,GENERAL RODRIGUEZ (OE),,Oficina de empleo,"INT. GARRAHAM 266, PB(1748)",02324-481-359,oegralrodriguez@trabajo.gob.ar
1, Buenos Aires,GENERAL SAN MARTIN (OE),,Oficina de empleo,"RAMON CARRILLO 2163, 1ro (1650)",0291-4941534,oesanmartin@trabajo.gob.ar
1, Buenos Aires,GUAMINI (OE),,Oficina de empleo,"J.M DE ROSAS S/ (ESTAC TERM DE OMNIBUS), PB(6435)",02392-419395 int 19,oeguamini@trabajo.gob.ar
1, Buenos Aires,HIPOLITO YRIGOYEN (OE),,Oficina de empleo,"ITALIA 748, PB(6465)",02394-430293/295 Int.:112,pendiente
1, Buenos Aires,HURLINGHAM (OE),,Oficina de empleo,"TEODORO FELS 190 , PB(1688)",02927-432201 INT 146,oehurlingham@trabajo.gob.ar
1, Buenos Aires,ITUZAINGO (OE),,Oficina de empleo,"BRANDSEN 1142, PB(1714)",4214-4227,oeituzaingo@trabajo.gob.ar
1, Buenos Aires,JOSE C. PAZ (OE),,Oficina de empleo,"ROQUE SAENZ PEÑA 5111, PB(1665)",5227-7711 / 7732,oejosecpaz@trabajo.gob.ar
1, Buenos Aires,JUNIN (OE),,Oficina de empleo,"ARIAS 69, 3ro B(6000)",4246-4952,oejunin@trabajo.gob.ar
1, Buenos Aires,LA MATANZA - SAN JUSTO (OE),,Oficina de empleo,"AV. J. M. DE ROSAS 5091, SAN JUSTO, PB(1754)",4290-8414,oelamatanzasj@trabajo.gob.ar
1, Buenos Aires,LA PLATA (OE),,Oficina de empleo,"CALLE 50 381, PB(1900)",4234-9180,oelaplata@trabajo.gob.ar
1, Buenos Aires,LANUS (OE),,Oficina de empleo,"AV. H. YRIGOYEN 3863, PB(1824)",4357-2446 / 4357-2445,oelanus@trabajo.gob.ar
1, Buenos Aires,LAPRIDA (UE),,Unidad de empleo,"AV. SAN MARTIN 1160, PB(7414)",4243-2233,uelaprida@trabajo.gob.ar
1, Buenos Aires,LAS FLORES (OE),,Oficina de empleo,"H. IRIGOYEN 421, PB(7200)",02224-476169,oelasflores@trabajo.gob.ar
1, Buenos Aires,LEZAMA (UE),,Unidad de empleo,"HIPOLITO YRIGOYEN Nro 251, PB(7116)",4212-7967,uelezama@trabajo.gob.ar
1, Buenos Aires,LINCOLN (OE),,Oficina de empleo,"AV. MASSEY Y 25 DE MAYO, PB(6070)",4212-7958,oelincoln@trabajo.gob.ar
1, Buenos Aires,LOBERIA (OE),,Oficina de empleo,"FRANCISCO DE CASO 180, PB(7635)",02266-421269 / 424007,oeloberia@trabajo.gob.ar
1, Buenos Aires,LOBOS (OE),,Oficina de empleo,"SALGADO 40, PB(7240)",02246-433043,oelobos@trabajo.gob.ar
1, Buenos Aires,LOMAS DE ZAMORA (OE),,Oficina de empleo,"LEANDRO N. ALEM 207, 2do (1832)",02291- 421482,oelomasdezamora@trabajo.gob.ar
1, Buenos Aires,LUJAN (OE),,Oficina de empleo,"BELGRANO 1250, PB(6700)",0223-4743360,oelujan@trabajo.gob.ar
1, Buenos Aires,MALVINAS ARGENTINAS (OE),,Oficina de empleo,"AVENIDA PRESIDENTE PERON 4276, PB(1613)",0223-4642174,oemalvinas@trabajo.gob.ar
1, Buenos Aires,MAR CHIQUITA (OE),,Oficina de empleo,"ACAPULCO 10, PB(7174)",02261-440138,oemarchiquita@trabajo.gob.ar
1, Buenos Aires,MARCOS PAZ (OE),,Oficina de empleo,"SAN MARTIN 310, ESQ. BALCARCE, PB(1727)",0223-4693823,oemarcospaz@trabajo.gob.ar
1, Buenos Aires,MERCEDES (OE),,Oficina de empleo,"CALLE 29 623, PB(6600)",02262 - 435420,oemercedes@trabajo.gob.ar
1, Buenos Aires,MONTE (OE),,Oficina de empleo,"LAURA GIAGNACOVO 636, PB(7220)",02254-491624,oemonte@trabajo.gob.ar
1, Buenos Aires,MONTE HERMOSO (UE),,Unidad de empleo,"AV. ARGENTINA 88 LOCAL 36 SUBSUELO, PB(8153)",02983-439200,uemontehermoso@trabajo.gob.ar
1, Buenos Aires,MORENO (OE),,Oficina de empleo,"BARTOLOME MITRE 1891, PB(1744)",02255-460965�,oemoreno@trabajo.gob.ar
1, Buenos Aires,MORON (OE),,Oficina de empleo,"SAN MARTIN 471, PB(1708)",03489- 438310 / 428386,oemoron@trabajo.gob.ar
1, Buenos Aires,NAVARRO (OE),,Oficina de empleo,"MITRE 346, PB(6605)",0348-4430506,pendiente
1, Buenos Aires,NECOCHEA (OE),,Oficina de empleo,"CALLE 64 2975, LOCAL 9 GALERIA ZULBERTI(3630)",02323 - 491702 / 581025 int 16,oenecochea@trabajo.gob.ar
1, Buenos Aires,OLAVARRIA (OE),,Oficina de empleo,"SARMIENTO 2458, PB(7400)",4830-0582/4512-6251,oeolavarria@trabajo.gob.ar
1, Buenos Aires,PERGAMINO (OE),,Oficina de empleo,"BV. ALSINA 515, PB(2700)",02320-422851,oepergamino@trabajo.gob.ar
1, Buenos Aires,PILAR (OE),,Oficina de empleo,"11 DE SEPTIEMBRE 645, PB(1629)",4660-9000 INT 1466/1467/1468/1469,oepilar@trabajo.gob.ar
1, Buenos Aires,PINAMAR (OE),,Oficina de empleo,"SHAW Y PEJERREY, PB(7167)",0230-4669219,oepinamar@trabajo.gob.ar
1, Buenos Aires,PRESIDENTE PERON (OE),,Oficina de empleo,"CRISOLOGO LARRALDE 241 Guernica, PB(1862)",4580-5734/5,pendiente
1, Buenos Aires,PUAN (OE),,Oficina de empleo,"HIPOLITO YRIGOYEN S/N - V DE ORTUSAR, PB(8180)",4512-3178,oepuan@trabajo.gob.ar
1, Buenos Aires,PUNTA INDIO (UE),,Unidad de empleo,"CALLE 30, PB, E/ 25 Y 27 S/N (CAMARA DE COMERCIO)(1917)",4664-7403,uepuntaindio@trabajo.gob.ar
1, Buenos Aires,QUILMES (OE),,Oficina de empleo,"LEANDRO N. ALEM 207, 2do (1879)",47496141 / 9028,oequilmes@trabajo.gob.ar
1, Buenos Aires,RAMALLO (OE),,Oficina de empleo,"ESPAÑA 1392, PB(2915)",4513-9832 / 9833,oeramallo@trabajo.gob.ar
1, Buenos Aires,RAUCH (UE),,Unidad de empleo,"ARISTOBULO DEL VALLE 40, PB(7203)",03487-435072,uerauch@trabajo.gob.ar
1, Buenos Aires,RIVADAVIA (OE),,Oficina de empleo,"MARCOS CACHAU Y SAN MARTIN, PB(6237)",02478 454822 int 125,oerivadavia@trabajo.gob.ar
1, Buenos Aires,ROJAS (OE),,Oficina de empleo,"PUEBLOS ORIGINARIOS 473, PB(2705)",03329-482900 INT 269 / 03329-15602923,pendiente
1, Buenos Aires,SALADILLO (OE),,Oficina de empleo,"ALEM 3150 CASA DE CAMPO , PB(7260)",03388-471001 INT 116 / 123,oesaladillo@trabajo.gob.ar
1, Buenos Aires,SAN ANDRES DE GILES (OE),,Oficina de empleo,"25 DE MAYO Y SUERO, PB(6720)",02364-631618,oesanadegiles@trabajo.gob.ar
1, Buenos Aires,SAN ANTONIO DE ARECO (OE),,Oficina de empleo,"LAVALLE 363, PB(2760)",02477-408252,pendiente
1, Buenos Aires,SAN FERNANDO (OE),,Oficina de empleo,"CARLOS CASARES 2032, PB(1646)",0340-7422282,oesanfernando@trabajo.gob.ar
1, Buenos Aires,SAN ISIDRO (OE),,Oficina de empleo,"DON BOSCO 411, 1ro (1642)",02337 - 405169,oesanisidro@trabajo.gob.ar
1, Buenos Aires,SAN MIGUEL (OE),,Oficina de empleo,"CONCEJAL TRIBULATO 643, PB(1663)",02475-462002/462007/462015,oesanmiguel@trabajo.gob.ar
1, Buenos Aires,SAN NICOLAS (OE),,Oficina de empleo,"MORTEO ENTRE GARIBALDI Y PELLEGRINI, PB(2900)",02325-444015,oesannicolas@trabajo.gob.ar
1, Buenos Aires,SAN PEDRO (OE),,Oficina de empleo,"AYACUCHO 299- PB. CENTRO CIVICO., PB(2930)",02326-455446,oesanpedro@trabajo.gob.ar
1, Buenos Aires,SAN VICENTE (OE),,Oficina de empleo,"25 DE MAYO 125, PB(1865)",0336-4425611,oesanvicenteba@trabajo.gob.ar
1, Buenos Aires,SUIPACHA (UE),,Unidad de empleo,"SAN MARTIN 325, PB(6612)",03329-439850,uesuipacha@trabajo.gob.ar
1, Buenos Aires,TANDIL (OE),,Oficina de empleo,"GENERAL PAZ 1259, PB(7000)",02983484444 INT 232 Y 245,oetandil@trabajo.gob.ar
1, Buenos Aires,TAPALQUE (UE),,Unidad de empleo,"SAN MARTIN 179, PB(7303)",02296-451622,uetapalque@trabajo.gob.ar
1, Buenos Aires,TIGRE (OE),,Oficina de empleo,"ALMIRANTE BROWN 647, PB(1648)",02281-43-4569,oetigre@trabajo.gob.ar
1, Buenos Aires,TORNQUIST (UE),,Unidad de empleo,"MORENO 1, PB(8160)",02292-451400 int 140,uetornquist@trabajo.gob.ar
1, Buenos Aires,TRENQUE LAUQUEN (OE),,Oficina de empleo,"ORO Y VILLEGAS, PB(6400)",02926-429227/228/306,oetlauquen@trabajo.gob.ar
1, Buenos Aires,TRES ARROYOS (OE),,Oficina de empleo,"RIVADAVIA 1, PB(7500)",02344 - 480117,oetresarroyos@trabajo.gob.ar
1, Buenos Aires,TRES DE FEBRERO (OE),,Oficina de empleo,"ALBERDI 4840, 3ro (1678)",02285-420087,oetresdefebrero@trabajo.gob.ar
1, Buenos Aires,TRES LOMAS (OE),,Oficina de empleo,"RIVADAVIA 149, PB(6409)",02244-444761,oetreslomas@trabajo.gob.ar
1, Buenos Aires,VICENTE LOPEZ (OE),,Oficina de empleo,"AV. MAIPU 2305, PB, (LOCAL 101 Y 102 ESTACION TREN DE LA COSTA)(1636)",02284-428333,oevicentelopez@trabajo.gob.ar
1, Buenos Aires,VILLA GESELL (OE),,Oficina de empleo,"PASEO 110 Y AV. 8, PB(7165)",02297-449045,oevillagesell@trabajo.gob.ar
1, Buenos Aires,VILLARINO (OE),,Oficina de empleo,"MORENO 41, PB(8132)",0249 - 4441288,oevillarino@trabajo.gob.ar
1, Buenos Aires,ZARATE (OE),,Oficina de empleo,"PASEO DE LA RIBERA 2800 (EX BALNEAREO MUNICIPAL), PB(2800)",02283-420117,oezarate@trabajo.gob.ar
3, Catamarca,ANDALGALA (OE),,Oficina de empleo,"CALLE SAN MARTIN S/N, PB(4740)",03835-413191,oeandalgala@trabajo.gob.ar
3, Catamarca,BELEN (OE),,Oficina de empleo,"CALLE. GRAL PAZ Nro 160, PB(4750)",03835-463641,oebelen@trabajo.gob.ar
3, Catamarca,FIAMBALA (OE),,Oficina de empleo,"DIEGO DE ALMAGRO SIN NUMERO - MUNICIPALIDAD, PB(5345)",03837 496016,oefiambala@trabajo.gob.ar
3, Catamarca,ICAÑO (UE),,Unidad de empleo,"LIBERTAD S/N, PB(5265)",03832 480080 / 480011,pendiente
3, Catamarca,LOS ALTOS (OE),,Oficina de empleo,"MARIA AUXILIADORA Y MARTIN MIGUEL DE GUEMES, PB(4723)",0383-154-516297 0383-154-516297,oelosaltos@trabajo.gob.ar
3, Catamarca,POMAN (OE),,Oficina de empleo,"SAN SEBASTIAN ESQ. 15 DE SEPTIEMBRE, LOCAL 06, PB(5315)",03835522813,oepoman@trabajo.gob.ar
3, Catamarca,RECREO (OE),,Oficina de empleo,"SARMIENTO Y EVA PERON, PB(5260)",03832-15520060,oerecreo@trabajo.gob.ar
3, Catamarca,SAN FERNANDO DEL VALLE DE CATARMARCA (OE),,Oficina de empleo,"AV. GÜEMES 650 , PB(4700)",0383-4459626,oesfvcatamarca@trabajo.gob.ar
3, Catamarca,SAN JOSE (OE),,Oficina de empleo,"16 DE AGOSTO ESQUINA MARCOS ROMERO, PB(4139)",03838-423826,oesanjose@trabajo.gob.ar
3, Catamarca,SANTA MARIA (OE),,Oficina de empleo,"SARMIENTO ESQUINA BELGRANO, PB(4139)",03838-421869,oesantamaria@trabajo.gob.ar
3, Catamarca,SANTA ROSA (OE),,Oficina de empleo,"AV. 9 DE JULIO S/N, PB(4723)",03833-485045,oesantarosacat@trabajo.gob.ar
3, Catamarca,SAUJIL (OE),,Oficina de empleo,"JUAN DOMINGO PERON Nro 788, PB(5321)",03835-492083,oesauj@trabajo.gob.ar
3, Catamarca,TINOGASTA (OE),,Oficina de empleo,"ANTONIO DEL PINO 775, PB(5340)",03837-421001,oetinogasta@trabajo.gob.ar
3, Catamarca,VALLE VIEJO (OE),,Oficina de empleo,"AVDA. PRESIDENTEPARADOR MUNICIPAL, PB(4707)",0383- 4443377,oevalleviejo@trabajo.gob.ar
4, Chaco,BARRANQUERAS (OE),,Oficina de empleo,"AV. LAPRIDA Nro 5.601, PB(3503)",03624 - 480973,oebarranqueras@trabajo.gob.ar
4, Chaco,BASAIL (UE),,Unidad de empleo,"LUIS NICOLAS BASAIL S/N, PB(3516)",03624-490056,pendiente
4, Chaco,CAMPO LARGO (UE),,Unidad de empleo,"GUEMES Y MAIPU , PB(3716)",03644-495454,campolargo@trabajo.gob.ar
4, Chaco,COLONIAS UNIDAS (UE),,Unidad de empleo,"AVENIDA SARMIENTO Y COMANDANTE FONTANA, PB(3515)",03725 - 15484138,uecoloniasunidas@trabajo.gob.ar
4, Chaco,CORONEL DU GRATY (UE),,Unidad de empleo,"MARIANO MORENO 332, PB(3541)",03735-498416,uedugraty@trabajo.gob.ar
4, Chaco,CORZUELA (OE),,Oficina de empleo,"SALTA ESQ. PERON, PB(3718)",03731-413611,oecorzuela@trabajo.gob.ar
4, Chaco,FONTANA (OE),,Oficina de empleo,"AV. INTENDENTE AUGUSTO REY 531, PB(3514)",0362-4463700,oefontana@trabajo.gob.ar
4, Chaco,GENERAL PINEDO (OE),,Oficina de empleo,"CALLE 7 ENTRE 6 Y 8, PB(3732)",03731-508929 / 03731-480433,pendiente
4, Chaco,GENERAL SAN MARTIN (OE),,Oficina de empleo,"MORENO 343 , PB(3509)",03725-15407410,oesmartinchaco@trabajo.gob.ar
4, Chaco,GENERAL VEDIA (UE),,Unidad de empleo,"AV. BOULEVARD DE LOS COLONOS S/N , PB(3522)",03624-498834,uegeneralvedia@trabajo.gob.ar
4, Chaco,ISLA DEL CERRITO (UE),,Unidad de empleo,"AV. DE LA HERMANDAD ARGENTINA PARAGUAYA 101, PB(3505)",03264-496281,ueislacerrito@trabajo.gob.ar
4, Chaco,JUAN JOSE CASTELLI (OE),,Oficina de empleo,"SARMIENTO 99, PB(3705)",0364-4471877,oejjcastelli@trabajo.gob.ar
4, Chaco,MACHAGAI (OE),,Oficina de empleo,"CARLOS VECCHIETTI 240, PB(3534)",03734-471099,oemachagai@trabajo.gob.ar
4, Chaco,PAMPA DEL INDIO (OE),,Oficina de empleo,"SAN MARTIN 360, PB(3531)",0362-4280270,oepampadelindio@trabajo.gob.ar
4, Chaco,PAMPA DEL INFIERNO (OE),,Oficina de empleo,"RESISTENCIA 30, PB(3708)",03644-225235,oepdelinfierno@trabajo.gob.ar
4, Chaco,PRESIDENCIA DE LA PLAZA (UE),,Unidad de empleo,"SAN MARTIN 426, PB(3536)",0373-4426154,uedelaplaza@trabajo.gob.ar
4, Chaco,PUERTO TIROL (UE),,Unidad de empleo,"AV. 9 DE JULIO S/N, PB(3505)",0362 - 4492677,uepuertotirol@trabajo.gob.ar
4, Chaco,PUERTO VILELAS (OE),,Oficina de empleo,"MZ 19 PC 05 BARRIO SAN JOSE, PB(3503)",03624- 417509,oepuertovilelas@trabajo.gob.ar
4, Chaco,QUITILIPI (OE),,Oficina de empleo,"AV. CHACO 18, PB(3530)",0364-4311103,oequitilipi@trabajo.gob.ar
4, Chaco,RESISTENCIA (OE),,Oficina de empleo,"LAVALLE 750, PB(3500)",0362-4458212,oeresistencia@trabajo.gob.ar
4, Chaco,SANTA SYLVINA (UE),,Unidad de empleo,"SARMIENTO 418, PB(3541)",03735 494372,pendiente
4, Chaco,TRES ISLETAS (OE),,Oficina de empleo,"PRESIDENTE PERON 375 , PB(3703)",03644-230131,oetresisletas@trabajo.gob.ar
4, Chaco,VILLA ANGELA (OE),,Oficina de empleo,"MAIPU Nro 150, PB(3540)",03735-429096,oevillaangela@trabajo.gob.ar
4, Chaco,VILLA BERTHET (UE),,Unidad de empleo,"PRINGLES Y BELGRANO, PB(3545)",03735-497748,uevillaberthet@trabajo.gob.ar
5, Chubut,CHOLILA (UE),,Unidad de empleo,"MANZANA 57 S/N, PB(9217)",0294-5498040,uecholila@trabajo.gob.ar
5, Chubut,COMODORO RIVADAVIA (OE),,Oficina de empleo,"MAIPU 1420 , PB(9000)",0297 - 4064521,oecomodoro@trabajo.gob.ar
5, Chubut,EL MAITEN (UE),,Unidad de empleo,"AV. SAN MARTIN 1300, PB(9210)",02945-495157 / 495150,ueelmaiten@trabajo.gob.ar
5, Chubut,ESQUEL (OE),,Oficina de empleo,"SAN MARTIN 608, PB(9200)",02945 - 450593,oeesquel@trabajo.gob.ar
5, Chubut,GAIMAN (UE),,Unidad de empleo,"MLAVINAS ARGENTINAS 93, PB(9105)",02804-491137,uegaiman@trabajo.gob.ar
5, Chubut,PUERTO MADRYN (OE),,Oficina de empleo,"BELGRANO 85, PB(9120)",02804-458829,oepuertomadryn@trabajo.gob.ar
5, Chubut,RAWSON (OE),,Oficina de empleo,"BELGRANO 844, PB(9103)",0280-483837,oerawson@trabajo.gob.ar
5, Chubut,TRELEW (OE),,Oficina de empleo,"SAN MARTIN 536, PB(9100)",0280-4435890,oetrelew@trabajo.gob.ar
5, Chubut,TREVELIN (UE),,Unidad de empleo,"SAN MARTIN 339, PB(9203)",02945 480145 / 129,uetrevelin@trabajo.gob.ar
6, Ciudad De Buenos Aires,CIUDAD DE BUENOS AIRES MTEYSS (OE),,Oficina de empleo,"HUMBERTO 1ro 2252/2260 , PB(1001)",4941-6464,oecaba@trabajo.gob.ar
7, Córdoba,ALEJANDRO ROCA (OE),,Oficina de empleo,"VELEZ SARSFIELD S/N, PB(2686)",03547- 428134,oealejandroroca@trabajo.gob.ar
7, Córdoba,ALTA GRACIA (OE),,Oficina de empleo,"BRASIL 331, PB(5186)",03547- 494052,oealtagracia@trabajo.gob.ar
7, Córdoba,ANISACATE (UE),,Unidad de empleo,"SALOMON PALACIOS 15, PB(5189)",03563-421131,ueanisacate@trabajo.gob.ar
7, Córdoba,BALNEARIA (UE),,Unidad de empleo,"BV. BELGRANO 272, PB(5141)",03534-410427/8,uebalnearia@trabajo.gob.ar
7, Córdoba,BELL VILLE (OE),,Oficina de empleo,"25 DE MAYO 19 , PB(2550)",03562- 400784,oebellville@trabajo.gob.ar
7, Córdoba,BELLA VISTA (OE),,Oficina de empleo,"CORRIENTES 1175, PB(3432)",03573 - 497335,oebellavista@trabajo.gob.ar
7, Córdoba,BERROTARAN (UE),,Unidad de empleo,"25 DE MAYO Y ESQUIU. BARRIO 25 DE MAYO, PB(5817)",03548-489604,ueberrotaran@trabajo.gob.ar
7, Córdoba,BRINKMANN (UE),,Unidad de empleo,"CORDOBA 313 ESQUINA RIVADAVIA, PB(2419)",0353-4894033/99,uebrinkmann@trabajo.gob.ar
7, Córdoba,CALCHIN (UE),,Unidad de empleo,"GRAL PAZ 308, PB(5969)",0351-4341602,pendiente
7, Córdoba,CAPILLA DEL MONTE (UE),,Unidad de empleo,"PUEYRREDON 300 ESQ. DIAG. BUENOS AIRES, PB(5184)",0351-4285600 int 8373,uecdelmonte@trabajo.gob.ar
7, Córdoba,CARRILOBO (UE),,Unidad de empleo,"SAN MARTIN 387, PB(5915)",0351-4285600 int 8233,uecarrilobo@trabajo.gob.ar
7, Córdoba,CORDOBA (25 DE MAYO) (OE),,Oficina de empleo,"25 DE MAYO 469, PB(5000)",0351-4285600 int 8680,oecordoba@trabajo.gob.ar
7, Córdoba,CORONEL MOLDES (OE),,Oficina de empleo,"URUGUAY 256, PB(5847)",0351- 4904333 int 15,oecoronelmoldes@trabajo.gob.ar
7, Córdoba,CORRAL DE BUSTOS (OE),,Oficina de empleo,"ENTRE RIOS 1032, PB(2645)",0353-4846993,oecorraldebustos@trabajo.gob.ar
7, Córdoba,CRUZ DEL EJE (OE),,Oficina de empleo,"FELIX CACERES Y TOMAS EDISON, PB(5280)",03525-442300,oecruzdeleje@trabajo.gob.ar
7, Córdoba,DEAN FUNES (OE),,Oficina de empleo,"SAENZ PEÑA 497, PB(5200)",03543-469696,oedeanfunes@trabajo.gob.ar
7, Córdoba,ESTACION JUAREZ CELMAN (OE),,Oficina de empleo,"LOS GIRASOLES S/N - DPTO COLON - CORDOBA, PB(5145)",03544-496198,oejuarezcelman@trabajo.gob.ar
7, Córdoba,GENERAL DEHEZA (OE),,Oficina de empleo,"INT. JOSE FROUTE 48, PB(5923)",03533-423185,oegeneraldeheza@trabajo.gob.ar
7, Córdoba,HERNANDO (OE),,Oficina de empleo,"12 DE OCTUBRE 210/220, PB(5929)",03472-487008,oehernando@trabajo.gob.ar
7, Córdoba,HUANCHILLAS (UE),,Unidad de empleo,"ESTEBAN PIACENZA S/N( ENTRE CALLE JULIO A. ROCA Y 9 DE JULIO), PB(6121)",03472-444891,uehuanchilla@trabajo.gob.ar
7, Córdoba,JESUS MARIA (OE),,Oficina de empleo,"TUCUMAN 275, PB(5220)",03562-402399,oejesusmaria@trabajo.gob.ar
7, Córdoba,LA CALERA (OE),,Oficina de empleo,"RIVADAVIA 211 - BARRIO CENTRO, PB(5151)",03572 - 470404 / 470112,oelacalera@trabajo.gob.ar
7, Córdoba,LA PAZ (UE),,Unidad de empleo,"VELEZ SARFIELD S/N, PB(5117)",03543-358051,pendiente
7, Córdoba,LAS ACEQUIAS (UE),,Unidad de empleo,"AV CORDOBA 375, PB(5848)",03574-427054,uelasacequias@trabajo.gob.ar
7, Córdoba,LAS VARILLAS (OE),,Oficina de empleo,"TUCUMAN 52, PB(5940)",03571-427424�(int: 158 / 145),oelasvarillas@trabajo.gob.ar
7, Córdoba,LEONES (UE),,Unidad de empleo,"SAN JOSE S/N (ENTRE RIVADAVIA Y BELGRANO), PB(2594)",03533-492502,ueleones@trabajo.gob.ar
7, Córdoba,LOS CISNES (UE),,Unidad de empleo,"DR. DRAGONE S/N, PB(2684)",03543-494800,pendiente
7, Córdoba,MARCOS JUAREZ (OE),,Oficina de empleo,"SANTIAGO DEL ESTERO 880, PB(2580)",03564-439118,oemarcosjuarez@trabajo.gob.ar
7, Córdoba,MORTEROS (OE),,Oficina de empleo,"BELGRANO 800, PB(2421)",03549-496137,oemorteros@trabajo.gob.ar
7, Córdoba,PILAR (OE),,Oficina de empleo,"AV GENERAL PAZ 1262, PB(5972)",03521-421516,oepilarcba@trabajo.gob.ar
7, Córdoba,PUEBLO ITALIANO (UE),,Unidad de empleo,"MENDOZA 457, PB(2651)",03514-481449,uepuebloitaliano@trabajo.gob.ar
7, Córdoba,RIO CEBALLOS (OE),,Oficina de empleo,"SAN MARTIN 4413, PB(5111)",03546-529653,oerioceballos@trabajo.gob.ar
7, Córdoba,RIO CUARTO (OE),,Oficina de empleo,"LA RIOJA 151, PB(5800)",03571- 460401,oeriocuarto@trabajo.gob.ar
7, Córdoba,RIO PRIMERO (UE),,Unidad de empleo,"FEDERICO CARRILLO ESQUINA 9 DE JULIO, PB(5127)",03541-498766,uerioprimero@trabajo.gob.ar
7, Córdoba,RIO TERCERO (OE),,Oficina de empleo,"ALBERDI Y ALSINA, PB(5850)",0351-4905421,oeriotercero@trabajo.gob.ar
7, Córdoba,SACANTA (UE),,Unidad de empleo,"BELGRANO 709, PB(5945)",03543-488999-484011/12 Int. 222,uesacanta@trabajo.gob.ar
7, Córdoba,SALDAN (UE),,Unidad de empleo,"9 DE JULIO 62, PB(5150)",03548-470635 interno 2,uesaldan@trabajo.gob.ar
7, Córdoba,SAN FRANCISCO (OE),,Oficina de empleo,"ECHEVERRIA 165, 1ro (2400)",03543-439661/2/3,oesanfrancisco@trabajo.gob.ar
7, Córdoba,SAN MARCOS SIERRA (UE),,Unidad de empleo,"VELEZ SARSFIELD 1093, PB(5282)",03541-436428,uesanmarcoss@trabajo.gob.ar
7, Córdoba,SAN PEDRO NORTE (UE),,Unidad de empleo,"ESQUIU ESQ. SAN MARTIN, PB(5205)",(03549-481076,uesanpedronorte@trabajo.gob.ar
7, Córdoba,SANTA MARIA DE PUNILLA (UE),,Unidad de empleo,"AV SAN MARTIN 1909 , PB(5164)",03524-472979,uestamariadepunilla@trabajo.gob.ar
7, Córdoba,SANTA ROSA DE CALAMUCHITA (OE),,Oficina de empleo,"CORDOBA 144 , PB()",03544-422888,pendiente
7, Córdoba,TANCACHA (UE),,Unidad de empleo,"BARTOLOME MITRE 543, PB(5933)",03546-461420,uetancacha@trabajo.gob.ar
7, Córdoba,TANTI (UE),,Unidad de empleo,"TIERRA DEL FUEGO Y PUERTO ARGENTINO, PB(5155)",03534-536796,uetanti@trabajo.gob.ar
7, Córdoba,TOLEDO (UE),,Unidad de empleo,"25 DE MAYO 321, PB(5123)",03777-450468 / 451474,uetoledo@trabajo.gob.ar
7, Córdoba,UCACHA (UE),,Unidad de empleo,"CHACABUCO 326, PB(1001)",0358-4989115,ueucacha@trabajo.gob.ar
7, Córdoba,UNQUILLO (OE),,Oficina de empleo,"AV. SAN MARTIN Nro 2186, PB(5109)",0358-4940036-4941000,oeunquillo@trabajo.gob.ar
7, Córdoba,VALLE HERMOSO (OE),,Oficina de empleo,"MARTIN RODRIGUEZ S/ , PB(5168)",03582-466661,oevallehermoso@trabajo.gob.ar
7, Córdoba,VILLA ALLENDE (OE),,Oficina de empleo,"RIVADAVIA 120, PB(5105)",0358-4057513,oevillaallende@trabajo.gob.ar
7, Córdoba,VILLA CARLOS PAZ (OE),,Oficina de empleo,"LINIERS 50 - BARRIO LAS ROSAS, PB(5152)",03584-492033,oecarlospaz@trabajo.gob.ar
7, Córdoba,VILLA DE SOTO (OE),,Oficina de empleo,"CORDOBA Nro 505, PB(5284)",0358- 4890005,oevilladesoto@trabajo.gob.ar
7, Córdoba,VILLA DEL TOTORAL (UE),,Unidad de empleo,"RIVADAVIA ESQ. LEOPOLDO LUGONES, PB(5236)",03584-15497205-493006,uevilladeltotoral@trabajo.gob.ar
7, Córdoba,VILLA DOLORES (OE),,Oficina de empleo,"AVENIDA ESPAÑA 478, PB(5870)",03463-497091 / 497071,oevilladolores@trabajo.gob.ar
7, Córdoba,VILLA GENERAL BELGRANO (OE),,Oficina de empleo,"SAN MARTIN 43, PB(5194)",0358-4671990 / 957,oevgbelgrano@trabajo.gob.ar
7, Córdoba,VILLA MARIA (OE),,Oficina de empleo,"MENDOZA 852, PB(5900)",0353-4893959,oevillamaria@trabajo.gob.ar
8, Corrientes,BONPLAND (UE),,Unidad de empleo,"MARIANO MORENO S/N, PB(3234)",03772-15400378,uebonpland@trabajo.gob.ar
8, Corrientes,CORRIENTES (OE),,Oficina de empleo,"PJE. VILLANUEVA Nro 1460 , PB(3400)",0379-4474228,oecorrientes@trabajo.gob.ar
8, Corrientes,CRUZ DE LOS MILAGROS (UE),,Unidad de empleo,"CORRIENTES S/N, PB(3441)",03777-687852/605349,pendiente
8, Corrientes,CURUZU CUATIA (OE),,Oficina de empleo,"GRAL RAMIREZ 753 , PB(3460)",03774-425180,oecuruzucuatia@trabajo.gob.ar
8, Corrientes,GOYA (OE),,Oficina de empleo,"AV. NEUSTAD 110, PB(3450)",03777-420185,oegoya@trabajo.gob.ar
8, Corrientes,ITUZAINGO (OE),,Oficina de empleo,"CENTENARIO Y BERNARDINO VALLE, PB(3302)",03786-420780,oeituzaingoctes@trabajo.gob.ar
8, Corrientes,JOSE RAFAEL GOMEZ (UE),,Unidad de empleo,"AVENIDA AMERICA Y 9 DE JULIO, PB(3340)",03756-443007,uejrgomez@trabajo.gob.ar
8, Corrientes,LA CRUZ (OE),,Oficina de empleo,"9 DE JULIO ENTRE ALTAMIRANO Y BUENOS AIRES , PB(3346)",03772 491149 / 03772 443626,oelacruz@trabajo.gob.ar
8, Corrientes,MANTILLA (PEDRO R. FERNANDEZ) (UE),,Unidad de empleo,"MANUEL F MANTILLA S/N, PB(3446)",03777-562658,uemantilla@trabajo.gob.ar
8, Corrientes,MERCEDES (OE),,Oficina de empleo,"PLACIDO MARTINEZ 1260, PB(3470)",03773-423001,oemercedesctes@trabajo.gob.ar
8, Corrientes,MONTE CASEROS (OE),,Oficina de empleo,"EL MAESTRO 945, PB(3220)",03775-425420,oemontecaseros@trabajo.gob.ar
8, Corrientes,PASO DE LA PATRIA (UE),,Unidad de empleo,"MENDOZA 117, PB(3409)",03794-494702,uepasodelapatria@trabajo.gob.ar
8, Corrientes,PASO DE LOS LIBRES (OE),,Oficina de empleo,"RIVADAVIA 1115, PB(3230)",03772-427720,oepdeloslibres@trabajo.gob.ar
8, Corrientes,PERUGORRIA (UE),,Unidad de empleo,"QUINTA SECCION RUTA 23 Y 24, PB(3461)",03773-403136,ueperugorria@trabajo.gob.ar
8, Corrientes,PUEBLO LIBERTADOR (UE),,Unidad de empleo,"SAN MARTIN Y 25 DE MAYO, PB(3197)",03777-496073,pendiente
8, Corrientes,RAMADA PASO (UE),,Unidad de empleo,"AVENIDA 13 DE JUNIO, PB(3412)",0379-4378158/4542072,ueramadapaso@trabajo.gob.ar
8, Corrientes,SAN ROQUE (UE),,Unidad de empleo,"ISLAS MALVINAS 795, PB(3448)",03777-309025,uesanroque@trabajo.gob.ar
8, Corrientes,SANTO TOME (OE),,Oficina de empleo,"AV. SAN MARTIN Y ANGEL BLANCO, PB(3340)",03756-420177,oesantotomectes@trabajo.gob.ar
8, Corrientes,SAUCE (UE),,Unidad de empleo,"BARTOLOME MITRE 799, PB(3423)",03774-403770,uesauce@trabajo.gob.ar
8, Corrientes,TABAY (UE),,Unidad de empleo,"PEDRO RIOS S/N, PB(3421)",03782-509244,uetabay@trabajo.gob.ar
8, Corrientes,TAPEBICUA (UE),,Unidad de empleo,"J.R. VIDAL S/N, PB(3232)",03772-431406,uetapebicua@trabajo.gob.ar
9, Entre Ríos,BASAVILBASO (OE),,Oficina de empleo,"AV. SAN MARTIN S/N, PB(3170)",03445-15401255,oebasavilbaso@trabajo.gob.ar
9, Entre Ríos,BOVRIL (OE),,Oficina de empleo,"ALTE. BROWN 153, PB(3142)",03438-422000,oebovril@trabajo.gob.ar
9, Entre Ríos,CERRITO (OE),,Oficina de empleo,"SANTA FE 85, PB(3122)",0343-48990091,oecerrito@trabajo.gob.ar
9, Entre Ríos,CHAJARI (OE),,Oficina de empleo,"SARMIENTO 2995 (EX ESTACION FERROCARRIL), PB(3228)",03456-420730,oechajari@trabajo.gob.ar
9, Entre Ríos,COLON (OE),,Oficina de empleo,"LAPRIDA 86, PB(3280)",03447- 421911,oecolon@trabajo.gob.ar
9, Entre Ríos,CONCEPCION DEL URUGUAY (OE),,Oficina de empleo,"LEGUIZAMON 86, PB(3260)",03442-421152,oecdeluruguay@trabajo.gob.ar
9, Entre Ríos,CONCORDIA (OE),,Oficina de empleo,"CARRIEGO 224, PB(3200)",0345-4216558/0345-4213452,oeconcordia@trabajo.gob.ar
9, Entre Ríos,DIAMANTE (OE),,Oficina de empleo,"BELGRANO 607 , PB(3105)",0343-4985012,oediamante@trabajo.gob.ar
9, Entre Ríos,FEDERACION (OE),,Oficina de empleo,"AV. SAN MARTIN Y LAS HORTENSIAS, PB(3206)",03456-481119,oefederacion@trabajo.gob.ar
9, Entre Ríos,GENERAL CAMPOS (UE),,Unidad de empleo,"SARMIENTO 585, PB(3216)",0345-4901653,uegralcampos@trabajo.gob.ar
9, Entre Ríos,GENERAL GALARZA (UE),,Unidad de empleo,"25 DE MAYO Y JUAN CARLOS BURONE, PB(2843)",03444-481068,uegalarza@trabajo.gob.ar
9, Entre Ríos,GENERAL RAMIREZ (OE),,Oficina de empleo,"BELGRANO S/N (ENTRE SARMIENTO Y TRATADO DEL PILAR), PB(3164)",0343-4901184,oegeneralramirez@trabajo.gob.ar
9, Entre Ríos,GUALEGUAY (OE),,Oficina de empleo,"SAN ANTONIO (NORTE) Nro 571, PB(2840)",03444- 429368 / 426256,oegualeguay@trabajo.gob.ar
9, Entre Ríos,GUALEGUAYCHU (OE),,Oficina de empleo,"YRIGOYEN 75, PB(2820)",03446-420485,oegualeguaychu@trabajo.gob.ar
9, Entre Ríos,HERNANDARIAS (OE),,Oficina de empleo,"EVA PERON Y PTE PERON, PB(3127)",0343- 4960447,oehernandarias@trabajo.gob.ar
9, Entre Ríos,LA PAZ (OE),,Oficina de empleo,"FRENCH 942, PB(3190)",03437-424692,oelapazerios@trabajo.gob.ar
9, Entre Ríos,LARROQUE (OE),,Oficina de empleo,"25 DE MAYO 249, PB(2854)",03446-460014,oelarroque@trabajo.gob.ar
9, Entre Ríos,NOGOYA (OE),,Oficina de empleo,"25 DE MAYO 677, PB(3150)",03435-423169,oenogoya@trabajo.gob.ar
9, Entre Ríos,PARANA (OE),,Oficina de empleo,"VILLAGUAY 62, PB(3100)",0343-4211886,oeparana@trabajo.gob.ar
9, Entre Ríos,SAN JOSE (OE),,Oficina de empleo,"CENTENARIO 2184, PB(3283)",03447-470928,oesanjoseerios@trabajo.gob.ar
9, Entre Ríos,SAN JOSE DE FELICIANO (OE),,Oficina de empleo,"MORENO Y SARMIENTO, PB(3187)",03458-420666,oefeliciano@trabajo.gob.ar
9, Entre Ríos,SAN SALVADOR (OE),,Oficina de empleo,"SAN MARTIN 271, PB(3218)",0345 154 325 287,oesansalvadorer@trabajo.gob.ar
9, Entre Ríos,SANTA ELENA (OE),,Oficina de empleo,"PRESIDENTE PERON E HIPOLITO YRIGOYEN (TERMINAL DE OMNIBUS), 2do (3192)",03437-481223/480488,oesantaelena@trabajo.gob.ar
9, Entre Ríos,VIALE (UE),,Unidad de empleo,"CALLE M. PANUTTO S/N (PREDIO FERROCARRIL), PB(3109)",0343-4920155,ueviale@trabajo.gob.ar
9, Entre Ríos,VICTORIA (OE),,Oficina de empleo,"MATANZA 18, PB(3153)",03436 - 422660/ 08004441313,oevictoria@trabajo.gob.ar
9, Entre Ríos,VILLA ELISA (UE),,Unidad de empleo,"PRESB. HOFLACK 1447, PB(3265)",03447 480235,uevillaelisa@trabajo.gob.ar
9, Entre Ríos,VILLA PARANACITO (OE),,Oficina de empleo,"AVENIDA ENTRE RIOS 941, PB(2823)",03446 495080/ 133,oevillaparanacito@trabajo.gob.ar
9, Entre Ríos,VILLAGUAY (OE),,Oficina de empleo,"25 DE MAYO 257, PB(3240)",03455-15515022,oevillaguay@trabajo.gob.ar
10, Formosa,BUENA VISTA (OE),,Oficina de empleo,"AVENIDA BUENOS AIRES SUR, PB(4640)",0370-154469427 / 03718-4495763,oeabrapampa@trabajo.gob.ar
10, Formosa,CIUDAD DE FORMOSA (UE),,Unidad de empleo,"RUTA PROVINCIAL 4 E HIPOLITO YRIGOYEN, PB(3615)",0370-4454334,pendiente
10, Formosa,CLORINDA (OE),,Oficina de empleo,"BERUTI Y AV. DIAGONAL - BARRIO LA ALBORADA, PB(3600)",03718-426911,oeformosa@trabajo.gob.ar
10, Formosa,COLONIA PASTORIL (OE),,Oficina de empleo,"JOSE FERNADEZ CANCIO 1945, PB(3610)",0370-4661069,oeclorinda@trabajo.gob.ar
10, Formosa,COMANDANTE FONTANA (UE),,Unidad de empleo,"25 DE MAYO, FRENTE A LA ESC. PROV. Nro 48, PB(3601)",03716-480018,uecpastoril@trabajo.gob.ar
10, Formosa,EL COLORADO (OE),,Oficina de empleo,"AV. SAN MARTIN Y MAJIN GUERRERO, PB(3620)",0370-4480907,oectefontana@trabajo.gob.ar
10, Formosa,EL ESPINILLO (OE),,Oficina de empleo,"SARMIENTO 290, PB(3603)",03718-480085,oeelcolorado@trabajo.gob.ar
10, Formosa,ESTANISLAO DE CAMPO (UE),,Unidad de empleo,"GUEMEZ ESQUINA 9 DE JULIO S/N, PB(3615)",03717-590223,ueelespinillo@trabajo.gob.ar
10, Formosa,FORTIN LUGONES (UE),,Unidad de empleo,"RIVADAVIA Y MARTIN M LLANOS , PB(3626)",03704-608580,ueestdecampo@trabajo.gob.ar
10, Formosa,GENERAL GUEMES (UE),,Unidad de empleo,"AV. 9 DE JULIO Y NESTOR KIRCHNER, PB(3621)",3716-492030,pendiente
10, Formosa,GENERAL MANUEL BELGRANO (OE),,Oficina de empleo,"AV.BELGRANO Y VELEZ SARFIELD, PB(3621)",03710-4687544,oegralguemes@trabajo.gob.ar
10, Formosa,GRAL. MOSCONI (OE),,Oficina de empleo,"AV DEL LIBERTADOR Y AV JUAN D.PERON , PB(3615)",0370-4714353 / 0370-4714353,oegmbelgrano@trabajo.gob.ar
10, Formosa,HERRADURA (OE),,Oficina de empleo,"AV 2 DE ABRIL S/N , PB(3636)",0370-4300374,oemosconi@trabajo.gob.ar
10, Formosa,IBARRETA (UE),,Unidad de empleo,"AV. SAN MARTIN 363, PB(3601)",0370-432093,ueherradura@trabajo.gob.ar
10, Formosa,INGENIERO JUAREZ (OE),,Oficina de empleo,"SARMIENTO E/ 25 DE MAYO Y R.SAENZ PEÑA, PB(3624)",037111-5614118,oeibarreta@trabajo.gob.ar
10, Formosa,LAGUNA BLANCA (OE),,Oficina de empleo,"AV. DEGEN Y FERNANDO ANAQUIN S/N, PB(3636)",03718-4701510,oeijuarez@trabajo.gob.ar
10, Formosa,LAGUNA NAINECK (OE),,Oficina de empleo,"SAN MARTIN Y L.N. ALEM, PB(3613)",03718-400324,oelagunablanca@trabajo.gob.ar
10, Formosa,LAGUNA YEMA (OE),,Oficina de empleo,"AVENIDA DEL LABRADOR S/N, PB(3611)",03704-15376354,oelagunanaineck@trabajo.gob.ar
10, Formosa,LAS LOMITAS (OE),,Oficina de empleo,"AV. GRAL PAZ S/N, PB(3634)",0371-5432112,oelagunayema@trabajo.gob.ar
10, Formosa,LUCIO MANSILLA (OE),,Oficina de empleo,"SAN MARTIN 190, PB(3630)",0370-4384331,oelaslomitas@trabajo.gob.ar
10, Formosa,MAYOR VILLAFAÑE (UE),,Unidad de empleo,"AV. SAN MARTIN ENTRE MITRE Y URQUIZA, PB(3526)",03704-490019,uegeneralmansilla@trabajo.gob.ar
10, Formosa,MISION SAN FRANCISCO DE LAISHI (UE),,Unidad de empleo,"HIPOLITO IRIGOYEN Y PADRE FERLINI, PB(3601)",03717-723836,uemvillafañe@trabajo.gob.ar
10, Formosa,MISION TACAAGLE (OE),,Oficina de empleo,"SAN MARTIN 288, PB(3605)",03718 - 15613300,oelaishi@trabajo.gob.ar
10, Formosa,PALO SANTO (UE),,Unidad de empleo,"AVDA. EJERCITO LIBERTADOR S/N, PB(3615)",03717-494188,uemtacaagle@trabajo.gob.ar
10, Formosa,PIRANE (OE),,Oficina de empleo,"AVENIDA 2 DE ABRIL 906, PB(3608)",03704-586440,oepalosanto@trabajo.gob.ar
10, Formosa,RIACHO HE HE (OE),,Oficina de empleo,"SARMIENTO Y GRAL PAZ, PB(3606)",03718-492033,oepirane@trabajo.gob.ar
10, Formosa,SAN MARTIN DOS (OE),,Oficina de empleo,"AV. LIB.GRAL. JOSE DE SAN MARTIN S/N, PB(3611)",03704 - 258445,oeriachohehe@trabajo.gob.ar
10, Formosa,SIETE PALMAS (OE),,Oficina de empleo,"AV. DOCENTES ARGENTINOS S/N.Y MARIANO MORENO, PB(3621)",03718-403043,oesanmartindos@trabajo.gob.ar
10, Formosa,SUBTENIENTE PERIN (UE),,Unidad de empleo,"GÜEMES Y 25 DE MAYO, PB(3613)",03716-413604,uesietepalmas@trabajo.gob.ar
10, Formosa,TRES LAGUNAS (UE),,Unidad de empleo,"JESUS ARANDA Y AV. 25 DE MAYO, PB(3624)",03717-407025,uesubtenienteperin@trabajo.gob.ar
10, Formosa,VILLA DOS TRECE (UE),,Unidad de empleo,"AVDA. EULOGIO GOMEZ S/N, PA(3611)",0370-4492726,uetreslagunas@trabajo.gob.ar
10, Formosa,VILLA ESCOLAR (OE),,Oficina de empleo,"PRESIDENTE NESTOR KIRCHNER S/N, PB(3602)",0370-4497401,oevilladostrece@trabajo.gob.ar
11, Jujuy,ABRA PAMPA (UE),,Unidad de empleo,"NESTOR KIRCHNER 486, PB(3526)",0388154081400,uevillaescolar@trabajo.gob.ar
11, Jujuy,AGUAS CALIENTES (UE),,Unidad de empleo,"LAPRIDA S/N, PB(4431)",0388-4873587,ueaguascalientes@trabajo.gob.ar
11, Jujuy,CAIMANCITO (UE),,Unidad de empleo,"CATAMARCA 473 BARRIO CENTRO CAIMANCITO, PB(4516)",03886 - 493902,uecaimancito@trabajo.gob.ar
11, Jujuy,EL CARMEN (OE),,Oficina de empleo,"SAN MARTIN 515 - EL CARMEN, PB(4603)",0388-4933765,oeelcarmen@trabajo.gob.ar
11, Jujuy,FRAILE PINTADO (UE),,Unidad de empleo,"ARGAÑARAZ S/N ESA. GORRITI, PB(4506)",0388-480013,uefrailepintado@trabajo.gob.ar
11, Jujuy,HUMAHUACA (OE),,Oficina de empleo,"SANTA FE ESQ. ENTRE RIOS, PB(4630)",03887-421375,oehumahuaca@trabajo.gob.ar
11, Jujuy,LA MENDIETA (OE),,Oficina de empleo,"PASAJE BELGRANO S/N, PB(4522)",03884-493454,oelamendieta@trabajo.gob.ar
11, Jujuy,LA QUIACA (OE),,Oficina de empleo,"PELLEGRINI ESQ. RIVADAVIA, PB(4650)",0388 -5422811,oelaquiaca@trabajo.gob.ar
11, Jujuy,LIBERTADOR GENERAL SAN MARTIN (OE),,Oficina de empleo,"BELGRANO 350, PB(4512)",03886-428589,oelgsanmartin@trabajo.gob.ar
11, Jujuy,MAIMARA (UE),,Unidad de empleo,"AV.. BELGRANO S/N, PB(4622)",0388 4879510,uemaimara@trabajo.gob.ar
11, Jujuy,MONTERRICO (OE),,Oficina de empleo,"RUFFINO ARIAS 951 - BARRIO SAN IGNACIO, PB(4608)",0388-4944169,oemonterrico@trabajo.gob.ar
11, Jujuy,PALMA SOLA (UE),,Unidad de empleo,"ROBERTO DOMINGUEZ S/N, PB(4501)",03886-496069,uepalmasola@trabajo.gob.ar
11, Jujuy,PALPALA (OE),,Oficina de empleo,"RIO DE LA PLATA 363 - BARRIO SAN I DE LOYOLA, PB(4612)",0388-4276689,oepalpala@trabajo.gob.ar
11, Jujuy,PERICO (OE),,Oficina de empleo,"MARIANO MORENO ESQ. LAVALLE, PB(4610)",0388-4918598,oeperico@trabajo.gob.ar
11, Jujuy,PUESTO VIEJO (UE),,Unidad de empleo,"BARRIO CENTRO MINA S/ CALLE S/ NUMERO , PB(4606)",0388-4913021/22,uepuestoviejo@trabajo.gob.ar
11, Jujuy,SAN ANTONIO (UE),,Unidad de empleo,"SARMIENTO ESQUINA BELGRANO, PB(4503)",0388-4998130,uesanantonio@trabajo.gob.ar
11, Jujuy,SAN PEDRO DE JUJUY (OE),,Oficina de empleo,"PATERSON Nro 33, PB(4500)",03884-420722,oesanpedrojujuy@trabajo.gob.ar
11, Jujuy,SAN SALVADOR DE JUJUY (OE),,Oficina de empleo,"ALMIRANTE BROWN ESQ. RIVADAVIA , PB(4600)",0388-4020156,oesansalvador@trabajo.gob.ar
11, Jujuy,VOLCAN (OE),,Oficina de empleo,"GURRUCHAGA 91, PB(4616)",0388-4792823,oevolcan@trabajo.gob.ar
11, Jujuy,YAVI (OE),,Oficina de empleo,"GUEMES S/N , PB(4651)",03887-491138,oeyavi@trabajo.gob.ar
11, Jujuy,YUTO (UE),,Unidad de empleo,"CALLE TUCUMAN 175 MZA. V LOTE 3 BARRIO CENTRO, PB(4518)",03886-15559382,ueyuto@trabajo.gob.ar
12, La Pampa,9 DE JULIO (OE),,Oficina de empleo,"ROBBIO 323, PB(6500)",02335-450105/103,oe9dejulio@trabajo.gob.ar
12, La Pampa,CALUEFU (UE),,Unidad de empleo,"SAN MARTIN 397, PB(6387)",02334-445787,uecaleufu@trabajo.gob.ar
12, La Pampa,EDUARDO CASTEX (OE),,Oficina de empleo,"9 DE JULIO 650, PB(6380)",02302-434234,oecastex@trabajo.gob.ar
12, La Pampa,GENERAL PICO (OE),,Oficina de empleo,"CALLE 16 Nro 451 , PB(6360)",02925-497320,oegeneralpico@trabajo.gob.ar
12, La Pampa,GENERAL SAN MARTIN (OE),,Oficina de empleo,"ESPAÑA Y 25 DE MAYO , PB(8206)",02924-492059,oesanmartinlp@trabajo.gob.ar
12, La Pampa,GUATRACHE (OE),,Oficina de empleo,"ATE. BROWN 598, PB(6311)",02302 - 481091 Int 45,oeguatrache@trabajo.gob.ar
12, La Pampa,INTENDENTE ALVEAR (OE),,Oficina de empleo,"AVENIDA SAN MARTIN Nro 753, PB(6221)",02931-430650,oeintalvear@trabajo.gob.ar
12, La Pampa,LA ADELA (OE),,Oficina de empleo,"AV LIBERTADOR 900, PB(8138)",02954 494155,oelaadela@trabajo.gob.ar
12, La Pampa,LONQUIMAY (UE),,Unidad de empleo,"SAN MARTIN 382, PB(6352)",02953-453130,uelonquimay@trabajo.gob.ar
12, La Pampa,MACACHIN (UE),,Unidad de empleo,"BUENOS AIRES 321, PB(6307)",02331-498256,pendiente
12, La Pampa,RANCUL (OE),,Oficina de empleo,"AV. COLON 600, PB(6214)",02954-451586,oerancul@trabajo.gob.ar
12, La Pampa,SANTA ROSA (OE),,Oficina de empleo,"LISANDRO DE LA TORRE 46, PB(6300)",02954- 381991 / 92 / 93,oesantarosalp@trabajo.gob.ar
12, La Pampa,TOAY (OE),,Oficina de empleo,"AV. 9 DE JULIO 514, PB(6303)",02338-432453,oetoay@trabajo.gob.ar
12, La Pampa,VICTORICA (OE),,Oficina de empleo,"CALLE 19 ESQUINA 18, PB(6319)",02317-422751,oevictorica@trabajo.gob.ar
13, La Rioja,ARAUCO (OE),,Oficina de empleo,"SAN MARTIN 315 ESQUINA 9 DE JULIO, PB(5310)",03827-420115 interno 33,oearauco@trabajo.gob.ar
13, La Rioja,CASTRO BARROS (UE),,Unidad de empleo,"AV. CASTRO BARROS S/, PB(5276)",03822-15520155,pendiente
13, La Rioja,CHAMICAL (OE),,Oficina de empleo,"HIPOLITO IRIGOYEN 153 , PB(5380)",03826-423682,oechamical@trabajo.gob.ar
13, La Rioja,CHILECITO (OE),,Oficina de empleo,"GOBERNADOR MOTTA 41, PB(5360)",03825-429664,oechilecito@trabajo.gob.ar
13, La Rioja,CNEL FELIPE VARELA (VILLA UNION) (OE),,Oficina de empleo,"NICOLAS DAVILA S/N, PB(5350)",03825-470546,oevillaunion@trabajo.gob.ar
13, La Rioja,FAMATINA (UE),,Unidad de empleo,"PRESBITERO RAMON DIAZ S/N, PB(5365)",03825-493336 /493020,uefamatina@trabajo.gob.ar
13, La Rioja,GENERAL ANGEL VICENTE PEÑALOZA (UE),,Unidad de empleo,"SAN NICOLAS DE BARI ESQ. BENJAMIN DE LA VEGA., PB(5385)",03821-420289 int 224,ueavpeÑaloza@trabajo.gob.ar
13, La Rioja,GENERAL BELGRANO (OE),,Oficina de empleo,"CASTRO BARROS S/N, PB(5383)",03826-491620,oegralbelgrano@trabajo.gob.ar
13, La Rioja,GENERAL JUAN FACUNDO QUIROGA (UE),,Unidad de empleo,"AV. LOS CAUDILLOS S/, PB(5385)",03826-490450,uejfquiroga@trabajo.gob.ar
13, La Rioja,GENERAL LAMADRID (UE),,Unidad de empleo,"SAN MARTIN S/, PB(5355)",03825 497020.,uegenerallamadrid@trabajo.gob.ar
13, La Rioja,GENERAL OCAMPO (UE),,Unidad de empleo,"BELGRANO 244, PB(5274)",0380-4380468,uegocampo@trabajo.gob.ar
13, La Rioja,INDEPENDENCIA (UE),,Unidad de empleo,"25 DE MAYO 406, PB(5386)",0380-4325441,pendiente
13, La Rioja,LA RIOJA (OE),,Oficina de empleo,"AVDA. RIVADAVIA Nro 1116, PB(5300)",0380-4433033,oelarioja@trabajo.gob.ar
13, La Rioja,ROSARIO VERA PEÑALOZA (CHEPES) (OE),,Oficina de empleo,"AV. BELGRANO SUR S/N, PB(5470)",03821-665227,oechepes@trabajo.gob.ar
13, La Rioja,SAN BLAS DE LOS SAUCES (UE),,Unidad de empleo,"RUTA 40 S/, PB(5329)",03827-15401317,pendiente
13, La Rioja,SAN MARTIN (UE),,Unidad de empleo,"AVDA 25 DE MAYO S/N ESQ. SARMIENTO S/N, PB(5300)",0381-491340,uesanmartinlr@trabajo.gob.ar
13, La Rioja,SANAGASTA (UE),,Unidad de empleo,"JUSTINA GARCIA S/N, PB(5301)",0380-154328097,oesanagasta@trabajo.gob.ar
13, La Rioja,VINCHINA (UE),,Unidad de empleo,"AV. CARLOS SAUL MENEM S/N, PB(5357)",0380-154603262,uevinchina@trabajo.gob.ar
14, Mendoza,GENERAL ALVEAR (OE),,Oficina de empleo,"SARMIENTO 35, PB(5620)",02625-422490,oegeneralalvear@trabajo.gob.ar
14, Mendoza,GODOY CRUZ (OE),,Oficina de empleo,"SAN MARTIN Y RIVADAVIA, PB(5501)",0261-4133131/3260/61,oegodoycruz@trabajo.gob.ar
14, Mendoza,GUAYMALLEN (OE),,Oficina de empleo,"MARINOS ARGENTINOS 1664 ESQ. ALLAYME, PB(5519)",0261-4311404/4325109,oeguaymallen@trabajo.gob.ar
14, Mendoza,JUNIN (OE),,Oficina de empleo,"DEFENSA Y 25 DE MAYO S/N, PB(5573)",0263 - 4421850,oejuninmdza@trabajo.gob.ar
14, Mendoza,LA PAZ (OE),,Oficina de empleo,"BELGRANO Y GALIGNIANA, PB(5590)",02626-421400,oelapaz@trabajo.gob.ar
14, Mendoza,LAS HERAS (OE),,Oficina de empleo,"SAN MIGUEL 1434, PB(5539)",0261-4309594/4301007,oelasheras@trabajo.gob.ar
14, Mendoza,LAVALLE (OE),,Oficina de empleo,"MORENO ESQUINA FLEMING, VILLA TULUMAYA LAVALLE MZA, PB(5533)",0261-4941958,oelavalle@trabajo.gob.ar
14, Mendoza,LUJAN DE CUYO (OE),,Oficina de empleo,"SAN MARTIN 250, PB(5507)",0261-4989945,oelujandecuyo@trabajo.gob.ar
14, Mendoza,MAIPU (OE),,Oficina de empleo,"CALLE LEMOS Nro 56, PB(5515)",0261-4976202,oemaipu@trabajo.gob.ar
14, Mendoza,MALARGUE (OE),,Oficina de empleo,"SATURNINO TORRES Y ADOLFO PUEBLA, PB(5613)",0260-4470996 / 0260-4574638,oemalargue@trabajo.gob.ar
14, Mendoza,MENDOZA CAPITAL (OE),,Oficina de empleo,"LAS HERAS Y BELGRANO, PB(5500)",0261-4232567,oemendoza@trabajo.gob.ar
14, Mendoza,RIVADAVIA (OE),,Oficina de empleo,"RUTA 62 S/N, ENTRE CALLE SARMIENTO Y BRANDSEN., PB(5577)",0263-4444549,oerivadaviamza@trabajo.gob.ar
14, Mendoza,SAN CARLOS (OE),,Oficina de empleo,"SIXTO VIDELA Y JULIO BALMACEDA, PB(5569)",02622-15411159,oesancarlosmza@trabajo.gob.ar
14, Mendoza,SAN MARTIN (OE),,Oficina de empleo,"ALTE BROWN 50, PB(5570)",0263-4451201,oesanmartinmza@trabajo.gob.ar
14, Mendoza,SAN RAFAEL (OE),,Oficina de empleo,"DAY 221, PB(5600)",0260-4449278,oesanrafael@trabajo.gob.ar
14, Mendoza,SANTA ROSA (OE),,Oficina de empleo,"SAN MARTIN S/, PB(5596)",0263-154527276,oesantarosamza@trabajo.gob.ar
14, Mendoza,TUNUYAN (OE),,Oficina de empleo,"ARGENTINA S/N, PB(5560)",02622 - 423640,oetunuyan@trabajo.gob.ar
14, Mendoza,TUPUNGATO (OE),,Oficina de empleo,"LAPRIDA 35, PB(5561)",02622-489585,oetupungato@trabajo.gob.ar
15, Misiones,25 DE MAYO (OE),,Oficina de empleo,"SAN MARTIN S/N, PB(6363)",03755-493222,oe25demayomis@trabajo.gob.ar
15, Misiones,APOSTOLES (OE),,Oficina de empleo,"MALVINAS ARGENTINAS 643 (PREDIO EXPO YERBA), PB(3350)",03758-422798,oeapostoles@trabajo.gob.ar
15, Misiones,ARISTOBULO DEL VALLE (OE),,Oficina de empleo,"AV. DE LAS AMERICAS 1349, PB(3364)",03755-15213888,oeadelvalle@trabajo.gob.ar
15, Misiones,CAMPO GRANDE (OE),,Oficina de empleo,"FRAY LUIS BELTRAN 177, PB(3362)",03755-499079,oecampogrande@trabajo.gob.ar
15, Misiones,CAMPO VIERA (OE),,Oficina de empleo,"AVENIDA DEL TE 94, PB(3362)",03755-497435,oecampoviera@trabajo.gob.ar
15, Misiones,COLONIA WANDA (OE),,Oficina de empleo,"AV. ALEM S/N, PB(3376)",03757-470295,oecoloniawanda@trabajo.gob.ar
15, Misiones,ELDORADO (OE),,Oficina de empleo,"DINAMARCA 75 KM 8,5, PB(3380)",03751-421600,oeeldorado@trabajo.gob.ar
15, Misiones,GARUPA (OE),,Oficina de empleo,"AV SAN MARTIN Y BELGRANO, PB(3304)",03764 300019,oegarupa@trabajo.gob.ar
15, Misiones,JARDIN AMERICA (OE),,Oficina de empleo,"LIBERTAD 24, PB(3328)",03743-460101,oejardinamerica@trabajo.gob.ar
15, Misiones,L. N. ALEM (OE),,Oficina de empleo,"SARMIENTO 251 , PB(3315)",03754-421661,oelnalem@trabajo.gob.ar
15, Misiones,MOJON GRANDE (UE),,Unidad de empleo,"AV. SAN MARTIN S/N, PB(3315)",03754 - 497025,uemojongrande@trabajo.gob.ar
15, Misiones,MONTECARLO (OE),,Oficina de empleo,"AV. EL LIBERTADOR 1274, PB(3384)",03751- 480835,oemontecarlo@trabajo.gob.ar
15, Misiones,OBERA (OE),,Oficina de empleo,"CHACO Y LARREA, PB(3360)",03755- 405191,oeobera@trabajo.gob.ar
15, Misiones,POSADAS (OE),,Oficina de empleo,"AV. ROQUE PEREZ 1651, PB(3300)",03764 434254,oeposadas@trabajo.gob.ar
15, Misiones,PUERTO IGUAZU (OE),,Oficina de empleo,"ANTARTIDA ARGENTINA Y VERA PEÑALOZA S/N, PB(3370)",03757-421515,oepuertoiguazu@trabajo.gob.ar
15, Misiones,PUERTO LIBERTAD (OE),,Oficina de empleo,"AVENIDA JUAN DOMINGO PERON Y CALLE ENTRE RIOS. (S/N), PB(3374)",03757-15574954,oeplibertad@trabajo.gob.ar
15, Misiones,SAN IGNACIO (OE),,Oficina de empleo,"SAN MARTIN 605, PB(3322)",03764 470130,oesanignacio@trabajo.gob.ar
15, Misiones,SAN JAVIER (OE),,Oficina de empleo,"SARMIENTO Y SAN MARTIN S/N, PB(3357)",03754-483124,oesanjavier@trabajo.gob.ar
15, Misiones,SAN JOSE (UE),,Unidad de empleo,"AV. 9 DE JULIO Y CENTENARIO, PB(3306)",03758 492069,uesanjosemis@trabajo.gob.ar
15, Misiones,SAN PEDRO (OE),,Oficina de empleo,"MARTIN MIGUEL DE GUEMES S/N, PB(3364)",NO POSEE,pendiente
15, Misiones,SAN VICENTE (OE),,Oficina de empleo,"ABEL SIÑUKA 68 EX CONGRESO, PB(3356)",03755-461605,oesanvicente@trabajo.gob.ar
15, Misiones,SANTA ANA (UE),,Unidad de empleo,"SAN MARTIN Y BELGRANO , PB(3316)",03764-497014,uesantaana@trabajo.gob.ar
15, Misiones,SANTO PIPO (OE),,Oficina de empleo,"AV. SAN MARTIN S/N, 1ro (3326)",0376 154640945,oesantopipo@trabajo.gob.ar
16, Neuquén,ALUMINE (UE),,Unidad de empleo,"CACIQUE SAIHUEQUE Y GREGLIOS ALVAREZ, PB(8345)",02942-496183,uealumine@trabajo.gob.ar
16, Neuquén,CENTENARIO (OE),,Oficina de empleo,"SAN MARTIN E INTENDENTE PONS , PB(8309)",0299 - 4891023 int. 144,oecentenario@trabajo.gob.ar
16, Neuquén,CHOS MALAL (OE),,Oficina de empleo,"BELGRANO Nro 501, PB(8353)",02948 - 422342,oechosmalal@trabajo.gob.ar
16, Neuquén,JUNIN DE LOS ANDES (UE),,Unidad de empleo,"GINES PONTES 450, PB(8371)",02972-15471675 - 2944-911525,uejuninandes@trabajo.gob.ar
16, Neuquén,LONCOPUE (UE),,Unidad de empleo,"AV. RIO AGRIO Y RIOS POSSE, PB(8349)",02942-666157,ueloncopue@trabajo.gob.ar
16, Neuquén,MARIANO MORENO (UE),,Unidad de empleo,"DOMINGO FAUSTINO SARMIENTO S/N, PB(8351)",02942-662440,uemarianomoreno@trabajo.gob.ar
16, Neuquén,NEUQUEN (OE),,Oficina de empleo,"FELIX SAN MARTIN 1430, PB(8300)",(0299) 4491200 int. 4334 y 4304,oeneuquen@trabajo.gob.ar
16, Neuquén,PIC�N LEUF� (UE),,Unidad de empleo,"ENTRE RIOS Y LOS AROMOS, PB(8313)",0299-4048684,uepicunleufu@trabajo.gob.ar
16, Neuquén,PLAZA HUINCUL (OE),,Oficina de empleo,"PEDRO ROTTER S/N, PB(8318)",0299-4962836,oeplazahuincul@trabajo.gob.ar
16, Neuquén,RINCON DE LOS SAUCES (OE),,Oficina de empleo,"CATAMARCA 535, PB(8319)",0299-4886495,pendiente
16, Neuquén,SAN MARTIN DE LOS ANDES (OE),,Oficina de empleo,"CAPITAN DRURY 785 , PB(8370)",02972-423151 /429274,oesmdelosandes@trabajo.gob.ar
16, Neuquén,SAN PATRICIO DEL CHAÑAR (UE),,Unidad de empleo,"CALLE VILLA PEHUINA S/N LOTE 11 MZA 10, PB(8305)",0299-4879454,uespdelchañar@trabajo.gob.ar
16, Neuquén,VILLA LA ANGOSTURA (UE),,Unidad de empleo,"C BELVEDERE 557, PB depto B (Once)(8407)",02944-488403,ueangostura@trabajo.gob.ar
16, Neuquén,ZAPALA (OE),,Oficina de empleo,"AVDA. ROCA 757, PB(8340)",02942-423493,oezapala@trabajo.gob.ar
17, Río Negro,ALLEN (OE),,Oficina de empleo,"SARMIENTO 23, PB(8328)",0298 4452501/4452502 Int. 244,oeallen@trabajo.gob.ar
17, Río Negro,CATRIEL (OE),,Oficina de empleo,"SAN MARTIN 59, PB(8307)",0299 4911333 / 0299 155560915,oecatriel@trabajo.gob.ar
17, Río Negro,CHOELE CHOEL (UE),,Unidad de empleo,"VILLEGAS 1207, PB(8360)",0299-4781445/62,pendiente
17, Río Negro,CIPOLLETTI (OE),,Oficina de empleo,"URQUIZA 530 , PB(8324)",02940-493132 /493007,oecipolletti@trabajo.gob.ar
17, Río Negro,COMALLO (UE),,Unidad de empleo,"SAN MARTIN S/N, PB(8416)",0294-4492813,pendiente
17, Río Negro,EL BOLSON (OE),,Oficina de empleo,"25 DE MAYO Y PADRE FELICIANO, PB(8430)",0294-0403326,oeelbolson@trabajo.gob.ar
17, Río Negro,GENERAL CONESA (UE),,Unidad de empleo,"LIBERTAD S'N, PB(8503)",0294-154613121,ueconesa@trabajo.gob.ar
17, Río Negro,GENERAL ROCA (OE),,Oficina de empleo,"AVENIDA SAN MARTIN 873, 1ro (8332)",02946-442615,oegeneralroca@trabajo.gob.ar
17, Río Negro,INGENIERO JACOBACCI (UE),,Unidad de empleo,"CONRADO VILLEGAS 26, PB(8418)",02920-699311,pendiente
17, Río Negro,LAMARQUE (UE),,Unidad de empleo,"RIVADAVIA 602, PB(8363)",02984- 436049,uelamarque@trabajo.gob.ar
17, Río Negro,LUIS BELTRAN (UE),,Unidad de empleo,"CASA DE TUCUMAN 481, PB(8361)",0294-6411798,pendiente
17, Río Negro,RIO COLORADO (OE),,Oficina de empleo,"MORENO 559, PB(8138)",02946-480181,oeriocolorado@trabajo.gob.ar
17, Río Negro,SAN ANTONIO OESTE (OE),,Oficina de empleo,"SAN MARTIN 483, PB(8520)",02931-432349,oesanantonio@trabajo.gob.ar
17, Río Negro,SAN CARLOS DE BARILOCHE (OE),,Oficina de empleo,"PERITO MORENO 1089, PB(8400)",02934-430406,oebariloche@trabajo.gob.ar
17, Río Negro,SIERRA COLORADA (UE),,Unidad de empleo,"TEOFANO ESTABLUM 827, PB(8534)",02944-15683595,pendiente
17, Río Negro,SIERRA GRANDE (UE),,Unidad de empleo,"CALLE 10 S7N, PB(8532)",02934-413498,pendiente
17, Río Negro,VIEDMA (OE),,Oficina de empleo,"ROCA 146, PB(8500)",02920-431400,oeviedma@trabajo.gob.ar
17, Río Negro,VILLA REGINA (OE),,Oficina de empleo,"VILLARINO 240, PB(8336)",02941-465735,oevillaregina@trabajo.gob.ar
18, Salta,CIUDAD DE SALTA (OE),,Oficina de empleo,"ESPAÑA 277 , PB(4400)",0387-4373263,oesalta@trabajo.gob.ar
18, Salta,CORONEL MOLDES (OE),,Oficina de empleo,"SAN MARTIN 369, PB(4421)",0387-4905327,oecmoldessalta@trabajo.gob.ar
18, Salta,EL QUEBRACHAL (UE),,Unidad de empleo,"AV. GENERAL MANUEL BELGRANO ESQUINA INTENDENTE RAMON TORNERO, PB(4452)",03877-491006,ueelquebrachal@trabajo.gob.ar
18, Salta,GENERAL GUEMES (OE),,Oficina de empleo,"9 DE JULIO ESQ. ISLA MALVINAS, 1ro (4430)",0387-4913337,oegeneralguemes@trabajo.gob.ar
18, Salta,JOAQUIN V. GONZALEZ (OE),,Oficina de empleo,"AV. GUEMES ESQ. RIVADAVIA, PB(4448)",03877-15432480,oejvgonzalez@trabajo.gob.ar
18, Salta,LAS LAJITAS (OE),,Oficina de empleo,"AVDA. MEXICO S/N, PB(4449)",03877-473428,oelaslajitas@trabajo.gob.ar
18, Salta,METAN (OE),,Oficina de empleo,"ALEM(O) Nro 55 , PB(4440)",03876-421576,oemetan@trabajo.gob.ar
18, Salta,PICHANAL (OE),,Oficina de empleo,"20 DE FEBRERO 465, PB(4534)",03878-493275,oepichanal@trabajo.gob.ar
18, Salta,ROSARIO DE LA FRONTERA (OE),,Oficina de empleo,"SARMIENTO Y FIGUEROA ALCORTA , PB(4190)",03876-483755,oerdelafrontera@trabajo.gob.ar
18, Salta,ROSARIO DE LERMA (OE),,Oficina de empleo,"9 DE JULIO 7, PB(4405)",0387-4931115,oerdelerma@trabajo.gob.ar
18, Salta,SAN CARLOS (UE),,Unidad de empleo,"GRAL. GÜEMES S/N. MEDIDOR: Nro302, PB(4427)",0387 155368397,uesancarlos@trabajo.gob.ar
18, Salta,SAN RAMON DE LA NUEVA ORAN (OE),,Oficina de empleo,"GÜEMES Y LAMADRID, PB(4530)",03878- 426052,oeoran@trabajo.gob.ar
18, Salta,TARTAGAL (OE),,Oficina de empleo,"BELGRANO 730, PB(4560)",03873-426590,oetartagal@trabajo.gob.ar
18, Salta,VAQUEROS (UE),,Unidad de empleo,"SAN MARTIN 1450, PB(4401)",0387 - 4901166,uevaqueros@trabajo.gob.ar
19, San Juan,25 DE MAYO (OE),,Oficina de empleo,"RAMON BARRERA Y 9 DE JULIO, PB(5443)",0264-4059472,oe25demayosj@trabajo.gob.ar
19, San Juan,9 DE JULIO (OE),,Oficina de empleo,"DIAGONAL SAN MARTIN Y DIAGONAL SARMIENTO, PB(5417)",0264 -4977022/78 Int. 118,oe9dejuliosj@trabajo.gob.ar
19, San Juan,ALBARDON (OE),,Oficina de empleo,"MITRE 1968, PB(5419)",0264-4911180,oealbardon@trabajo.gob.ar
19, San Juan,ANGACO (OE),,Oficina de empleo,"SAN MARTIN Y SEGOVIA, PB(5415)",0264-4972467,oeangaco@trabajo.gob.ar
19, San Juan,CALINGASTA (OE),,Oficina de empleo,"RAMON DIAZ S/N, PB(5403)",02648- 492005,oecalingasta@trabajo.gob.ar
19, San Juan,CAUCETE (OE),,Oficina de empleo,"GODOY CRUZ 630, PB(5442)",0264-154476334,oecaucete@trabajo.gob.ar
19, San Juan,CHIMAS OESTE (OE),,Oficina de empleo,"REMEDIOS ESCALADA DE SAN MARTIN 101, PB(5413)",0264-4313072 int. 140/147,oechimbasoeste@trabajo.gob.ar
19, San Juan,CHIMBAS (OE),,Oficina de empleo,"RUTA 40 Y RODRIGUEZ, PB(5413)",0264-4315449,oechimbas@trabajo.gob.ar
19, San Juan,CIUDAD DE SAN JUAN (OE),,Oficina de empleo,"RIVADAVIA 664 ESTE, PB(5400)",0264-4203877,oesanjuan@trabajo.gob.ar
19, San Juan,IGLESIA (OE),,Oficina de empleo,"BARRIO FEDERICO CANTONI CASA 20, PB(5465)",0264-7493200,oeiglesia@trabajo.gob.ar
19, San Juan,JACHAL (OE),,Oficina de empleo,"SAN MARTIN 662, PB(5460)",0264-7420003,oejachal@trabajo.gob.ar
19, San Juan,POCITO (OE),,Oficina de empleo,"ROBERTO VIDART 1073, PB(5427)",0264-4921818 In 126,oepocito@trabajo.gob.ar
19, San Juan,RAWSON (OE),,Oficina de empleo,"REPUBLICA DEL LIBANO 611 (OESTE), PB(5425)",0264-4283629,oerawsonsj@trabajo.gob.ar
19, San Juan,RIVADAVIA (OE),,Oficina de empleo,"AV. LIBERTADOR 5141 OESTE, PB(5400)",0264-4334415,oerivadaviasj@trabajo.gob.ar
19, San Juan,SAN MARTIN (OE),,Oficina de empleo,"MODULOS COMERCIALES BARRIO PIE DE PALO, PB(5439)",0264-4971139,oesanmartinsj@trabajo.gob.ar
19, San Juan,SANTA LUCIA (OE),,Oficina de empleo,"HIPOLITO YRIGOYEN 2171, PB(5411)",0264-4250618,oesantalucia@trabajo.gob.ar
19, San Juan,SARMIENTO (OE),,Oficina de empleo,"MARTINEZ LOPEZ 67- (NORTE) V MEDIA AGUA, PB(5435)",0264-4941003 interno 227,oesarmiento@trabajo.gob.ar
19, San Juan,ULLUM (OE),,Oficina de empleo,"VALENTIN RUIZ S/N, PB(5409)",0264-4943100 int 303,oeullum@trabajo.gob.ar
19, San Juan,VALLE FERTIL (OE),,Oficina de empleo,"GENERAL ACHA 1052, PB(5449)",02646 - 420192,oevallefertil@trabajo.gob.ar
19, San Juan,ZONDA (OE),,Oficina de empleo,"RUTA PROVINCIAL 12 KM 24, PB(5401)",0264-4945045,oezonda@trabajo.gob.ar
20, San Luis,SAN LUIS (OE),,Oficina de empleo,"BOLIVAR 670, PB(5700)",02652-4447954,oesanluis@trabajo.gob.ar
21, Santa Cruz,CALETA OLIVIA (OE),,Oficina de empleo,"EVA PERON Y PASAJE DURAZNILLO, PB(9011)",0297-4850996,oecaletaolivia@trabajo.gob.ar
21, Santa Cruz,PICO TRUNCADO (OE),,Oficina de empleo,"VIAMONTE Nro 863, PB(9015)",0297- 4990638,oepicotruncado@trabajo.gob.ar
21, Santa Cruz,PUERTO DESEADO (OE),,Oficina de empleo,"SAN MARTIN 1137, PB(9050)",0297-4871359 Int. 16,oepdeseado@trabajo.gob.ar
21, Santa Cruz,PUERTO SAN JULIAN (OE),,Oficina de empleo,"SAN MARTIN 446, PB(9310)",02962-452353 int 131,oesanjulian@trabajo.gob.ar
22, Santa Fe,ALEJANDRA (UE),,Unidad de empleo,"THOMAS MOORE 1556, PB(3051)",03471-461204/461316/461326/461592,uealejandra@trabajo.gob.ar
22, Santa Fe,ARMSTRONG (OE),,Oficina de empleo,"SAN MARTIN 1565, PB(2508)",03468-498039/ 498301,oearmstrong@trabajo.gob.ar
22, Santa Fe,AVELLANEDA (OE),,Oficina de empleo,"CALLE 21 2300, PB(3561)",03471-422008 int. 218,oeavellanedasantafe@trabajo.gob.ar
22, Santa Fe,CAFFERATA (UE),,Unidad de empleo,"SAN MARTIN 697, PB(2643)",0341-4910357,uecafferata@trabajo.gob.ar
22, Santa Fe,CALCHAQUI (OE),,Oficina de empleo,"MITRE 240, PB(3050)",0341-4943053,oecalchaqui@trabajo.gob.ar
22, Santa Fe,CAÑADA DE GOMEZ (OE),,Oficina de empleo,"SARMIENTO 153, PB(2500)",03465-490388/106,oecañadadegomez@trabajo.gob.ar
22, Santa Fe,CAÑADA ROSQUIN (OE),,Oficina de empleo,"RIVADAVIA 593, PB(2454)",03464-422211/12 int 122,oecrosquin@trabajo.gob.ar
22, Santa Fe,CAPITAN BERMUDEZ (OE),,Oficina de empleo,"ECUADOR 16, PB(2154)",03465-422551,oecbermudez@trabajo.gob.ar
22, Santa Fe,CARCARAÑA (OE),,Oficina de empleo,"AVDA BELGRANO Y ROTONDA CAMPAÑA CENTENARIO, PB(2138)",03414-918066,oecarcaraña@trabajo.gob.ar
22, Santa Fe,CARRERAS (UE),,Unidad de empleo,"GARIBALDI 721, PB(2729)",0341-4931164,uecarreras@trabajo.gob.ar
22, Santa Fe,CASILDA (OE),,Oficina de empleo,"BV. OVIDIO LAGOS E YRIGOYEN (TERMINAL DE OMNIBUS), PB(2170)",03402-490262,oecasilda@trabajo.gob.ar
22, Santa Fe,CERES (OE),,Oficina de empleo,"AV. VICENTE CASARES 98, PB(2340)",0341-4718526,oeceres@trabajo.gob.ar
22, Santa Fe,CORONDA (OE),,Oficina de empleo,"SAN GERONIMO Y RIVADAVIA, PB(2240)",03471-15627235,oecoronda@trabajo.gob.ar
22, Santa Fe,EL ARAZA (UE),,Unidad de empleo,"PBTO. ANTONIO PERGOLESI Nro 960 , PB(3563)",03471 451001 (127),ueelaraza@trabajo.gob.ar
22, Santa Fe,EL TREBOL (OE),,Oficina de empleo,"AV. LIBERTAD 78, PB(2535)",03400-490038/490148,oeeltrebol@trabajo.gob.ar
22, Santa Fe,ESPERANZA (OE),,Oficina de empleo,"AARON CASTELLANOS 1543 , PB(3080)",0341-4951200,oeesperanza@trabajo.gob.ar
22, Santa Fe,FIRMAT (OE),,Oficina de empleo,"SAN MARTIN Y CORRIENTES, PB(2630)",03476-422646,oefirmat@trabajo.gob.ar
22, Santa Fe,FORTIN OLMOS (UE),,Unidad de empleo,"JUAN DOMINGO PERON E HIPOLITO IRIGOYEN, PB(3553)",0341-4962151 interno 3,uefortinolmos@trabajo.gob.ar
22, Santa Fe,FRAY LUIS BELTRAN (OE),,Oficina de empleo,"SAN MARTIN 1175, PB(2156)",0341-4802332,oebeltran@trabajo.gob.ar
22, Santa Fe,FRONTERA (OE),,Oficina de empleo,"CALLE 70 NRO 45, PB(2438)",03382-428460,oefrontera@trabajo.gob.ar
22, Santa Fe,FUNES (OE),,Oficina de empleo,"TOMAS DE LA TORRE Y PELLEGRINI , PB(2132)",03476 - 436176,oefunes@trabajo.gob.ar
22, Santa Fe,GALVEZ (OE),,Oficina de empleo,"PRESIDENTE PERON 750, PB(2252)",03462-408704 - 408705,oegalvez@trabajo.gob.ar
22, Santa Fe,GENERAL LAGOS (UE),,Unidad de empleo,"SAN MARTIN 361, PB(2127)",03462-450201,ueglagos@trabajo.gob.ar
22, Santa Fe,GRANADERO BAIGORRIA (OE),,Oficina de empleo,"BUENOS AIRES 1178 , PB(2152)",03400-471876,oebaigorria@trabajo.gob.ar
22, Santa Fe,HELVECIA (OE),,Oficina de empleo,"DR. ROMANG, PB(3003)",0341-5186539,oehelvecia@trabajo.gob.ar
22, Santa Fe,LA GALLARETA (UE),,Unidad de empleo,"RIVADAVIA Y BELGRANO , PB(3057)",03405-492199 / 492107 / 492220,uelagallareta@trabajo.gob.ar
22, Santa Fe,LAGUNA PAIVA (OE),,Oficina de empleo,"SAN MARTIN 1173, PB(3020)",03482-481079. Interno 131,oelagunapaiva@trabajo.gob.ar
22, Santa Fe,LANTERI (UE),,Unidad de empleo,"SARMIENTO S/N , PB(3575)",03483-471097,uelanteri@trabajo.gob.ar
22, Santa Fe,LAS PAREJAS (OE),,Oficina de empleo,"CALLE 14 Nro 761, PB(2505)",03401-471612,oelasparejas@trabajo.gob.ar
22, Santa Fe,LAS ROSAS (OE),,Oficina de empleo,"SAN MARTIN 483, PB(2520)",03491- 423021,oelasrosas@trabajo.gob.ar
22, Santa Fe,LAS TOSCAS (OE),,Oficina de empleo,"CALLE 12 901, PB(3586)",0342-4910798,oelastoscas@trabajo.gob.ar
22, Santa Fe,MALABRIGO (OE),,Oficina de empleo,"SAN MARTIN ESQUINA FEDERICO SIGUEL, PB(3572)",03482-490100,oemalabrigo@trabajo.gob.ar
22, Santa Fe,PAVON (UE),,Unidad de empleo,"SANTA FE 206, PB(2918)",03401-421810,pendiente
22, Santa Fe,PEREZ (OE),,Oficina de empleo,"MEDRANO 1469, PB(2121)",03496-420009 Int. 135,oeperez@trabajo.gob.ar
22, Santa Fe,PUERTO GENERAL SAN MARTIN (OE),,Oficina de empleo,"CAYETANO NERBUTTI Y RIO PARANA, PB(2208)",03483-492132,oepgsanmartin@trabajo.gob.ar
22, Santa Fe,RAFAELA (OE),,Oficina de empleo,"LAVALLE 1021, PB(2300)",03564-423333,oerafaela@trabajo.gob.ar
22, Santa Fe,RECONQUISTA (OE),,Oficina de empleo,"PATRICIO DIEZ Nro 716, PB(3560)",03404 - 485005/ 03404 - 481130,oereconquista@trabajo.gob.ar
22, Santa Fe,RECREO (OE),,Oficina de empleo,"AVDA MITRE 1211, PB(3018)",03405-470181,oerecreosf@trabajo.gob.ar
22, Santa Fe,ROLDAN (OE),,Oficina de empleo,"RIOJA 642 , PB(2134)",03483-496095,oeroldan@trabajo.gob.ar
22, Santa Fe,ROMANG (OE),,Oficina de empleo,"SIMON DE IRIONDO 751, PB(3555)",0342-4941908,oeromang@trabajo.gob.ar
22, Santa Fe,ROSARIO (OE),,Oficina de empleo,"BUENOS AIRES 856, 4to (2000)",03482-474005,oerosario@trabajo.gob.ar
22, Santa Fe,RUFINO (OE),,Oficina de empleo,"SANTA FE 159, PB(6100)",03482-492279,oerufino@trabajo.gob.ar
22, Santa Fe,SAN GENARO (OE),,Oficina de empleo,"BELGRANO Y ENTRE RIOS, PB(2147)",03482-454021,oesangenaro@trabajo.gob.ar
22, Santa Fe,SAN GERONIMO NORTE (OE),,Oficina de empleo,"SAN MARTIN 560, PB(3011)",03492-435565 / 570037,oesangeronimon@trabajo.gob.ar
22, Santa Fe,SAN JOSE DEL RINCON (UE),,Unidad de empleo,"SAN MARTIN 1285, PB(3001)",03482-472018,uesanjosedelrincon@trabajo.gob.ar
22, Santa Fe,SAN JUSTO (OE),,Oficina de empleo,"AV. IRIONDO 2520, PB(3040)",0342-4960018,oesanjusto@trabajo.gob.ar
22, Santa Fe,SAN LORENZO (OE),,Oficina de empleo,"SARGENTO CABRAL 737, PB(2200)",03482-496300,oesanlorenzo@trabajo.gob.ar
22, Santa Fe,SANTA FE (OE),,Oficina de empleo,"LAS HERAS 2751, PB(3000)",030401-493888,oesantafe@trabajo.gob.ar
22, Santa Fe,SANTA ROSA DE CALCHINES (UE),,Unidad de empleo,"FRAY ANTONIO ROSSI S/N, PB(3001)",0342-4806810,uecomunacalchines@trabajo.gob.ar
22, Santa Fe,SANTO TOME (OE),,Oficina de empleo,"MACIAS 1933, PB(3016)",0342-4848050,oesantotomesf@trabajo.gob.ar
22, Santa Fe,SAUCE VIEJO (OE),,Oficina de empleo,"9 DE JULIO 2302, PB(3017)",0342-4571644,oesauceviejo@trabajo.gob.ar
22, Santa Fe,SUNCHALES (OE),,Oficina de empleo,"SAN JUAN 2149 AREA INDUSTRUIAL, PB(2322)",0342-4578418,oesunchales@trabajo.gob.ar
22, Santa Fe,VENADO TUERTO (OE),,Oficina de empleo,"CASTELLI Y ALVEAR, PB(2600)",0342-4908170,oevenadotuerto@trabajo.gob.ar
22, Santa Fe,VILLA CAÑAS (OE),,Oficina de empleo,"CALLE 53 456, PB(2607)",0342-4753372,oevillacañas@trabajo.gob.ar
22, Santa Fe,VILLA CONSTITUCION (OE),,Oficina de empleo,"SARMIENTO 808, PB(2919)",0342-4951084 / 4955068,oevconstitucion@trabajo.gob.ar
22, Santa Fe,VILLA GOBERNADOR GALVEZ (OE),,Oficina de empleo,"JUAN DOMINGO PERON 1549, PB(2124)",03493-425646,oevggalvez@trabajo.gob.ar
22, Santa Fe,VILLA GUILLERMINA (UE),,Unidad de empleo,"GOBERNADOR MENCHACA ESQUINA ROSARIO, PB(3589)",03482-475653,uevguillermina@trabajo.gob.ar
22, Santa Fe,VILLA OCAMPO (OE),,Oficina de empleo,"PADRE ANGEL TIBALDO 1578, PB(3580)",03482-466300 int (104),oevillaocampo@trabajo.gob.ar
23, Santiago Del Estero,AÑATUYA (OE),,Oficina de empleo,"25 DE MAYO 347, PB()",038444-42202,oeanatuya@trabajo.gob.ar
23, Santiago Del Estero,CLODOMIRA (UE),,Unidad de empleo,"MITRE S/N, PB(4338)",0385-4921505,ueclodomira@trabajo.gob.ar
23, Santiago Del Estero,FERNANDEZ (OE),,Oficina de empleo,"CALLE 9 DE JULIO 85, PB(4322)",0385-4911260,oefernandez@trabajo.gob.ar
23, Santiago Del Estero,FRIAS (OE),,Oficina de empleo,"RIVADAVIA Nro 142, 3ro (4230)",03854-423881,oefrias@trabajo.gob.ar
23, Santiago Del Estero,INGENIERO FORRES (OE),,Oficina de empleo,"FCO. DE AGUIRRE Y 8 DE SEPTIEMBRE, PB(4312)",0385-4902015,oeforres@trabajo.gob.ar
23, Santiago Del Estero,LA BANDA (OE),,Oficina de empleo,"ALEM 154, PB(4300)",03854-271500,oelabanda@trabajo.gob.ar
23, Santiago Del Estero,NUEVA ESPERANZA (UE),,Unidad de empleo,"AVENIDA FRANCISCO DE AGUIRRE 154, PB(4197)",03861-421087,nuevaesperanza@trabajo.gob.ar
23, Santiago Del Estero,SAN PEDRO (UE),,Unidad de empleo,"INDEPENDENCIA PROLONGACION S/N RUTA PROV. 28, PB(4200)",NO POSEE,pendiente
23, Santiago Del Estero,SANTIAGO DEL ESTERO (OE),,Oficina de empleo,"ENTRE RIOS 258, 3ro (4200)",03854-504480,oesdelestero@trabajo.gob.ar
23, Santiago Del Estero,TINTINA (UE),,Unidad de empleo,"SAN MARTIN Y FRAY MAMERTO ESQUIU, PB(3743)",03846-421371/297/284,pendiente
23, Santiago Del Estero,VILLA OJO DE AGUA (OE),,Oficina de empleo,"SARMIENTO 175, PB(5250)",03856-421525,oeojodeagua@trabajo.gob.ar
24, Tierra Del Fuego,RIO GRANDE (OE),,Oficina de empleo,"SAN MARTIN 619, PB(9420)",02964-420394,oeriogrande@trabajo.gob.ar
24, Tierra Del Fuego,TOLHUIN (UE),,Unidad de empleo,"CALLE MINKIOL S/N, PB(9420)",02901-492380,uetolhuin@trabajo.gob.ar
24, Tierra Del Fuego,USHUAIA (OE),,Oficina de empleo,"TEKENIKA 487, PB(9410)",02901-431993,oeushuaia@trabajo.gob.ar
25, Tucumán,AGUILARES (OE),,Oficina de empleo,"JUAN BAUTISTA ALBERDI 147, PB(4152)",03865-481785,oeaguilares@trabajo.gob.ar
25, Tucumán,ALDERETES (OE),,Oficina de empleo,"PJE. BLAS PARERA Y CASEROS, PB(4178)",0381-4946480,oealderetes@trabajo.gob.ar
25, Tucumán,AMAICHA DEL VALLE (UE),,Unidad de empleo,"ERNESTO PADILLA S/N, FRENTE A LA PLAZA PRINCIPAL, PB(4137)",0381-154917823,ueamaichadelvalle@trabajo.gob.ar
25, Tucumán,BANDA DEL RIO SALI (OE),,Oficina de empleo,"MONSEÑOR DIAZ 876, PB(4109)",0381-4264443,oebandariosali@trabajo.gob.ar
25, Tucumán,BELLA VISTA (OE),,Oficina de empleo,"GARCIA FERNANDEZ 190, PB(4168)",0381-4821943 / 3816252738,oebellavistatuc@trabajo.gob.ar
25, Tucumán,BURRUYACU (OE),,Oficina de empleo,"ISLAS MALVINAS 521, PB(4119)",03894-421031,oeburruyacu@trabajo.gob.ar
25, Tucumán,CAPITAL (OE),,Oficina de empleo,"JUAN B JUSTO 951, PB(4000)",0381-4228421,oetucuman@trabajo.gob.ar
25, Tucumán,CEVIL REDONDO (UE),,Unidad de empleo,"JORGE LUIS BORGES 150, PB(4105)",381-155855292,uecevilredondo@trabajo.gob.ar
25, Tucumán,CHOROMORO (UE),,Unidad de empleo,"JUAN MALENSEK S/N - ORGANISMO COMUNAL, PB(4122)",03862-427017/ 0381156876193,uechoromoro@trabajo.gob.ar
25, Tucumán,COLALAO DEL VALLE (UE),,Unidad de empleo,"9 DE JULIO S / , PB(4141)",0381-4654582/ 0381-155093627,uecolalaodelvalle@trabajo.gob.ar
25, Tucumán,COLOMBRES (UE),,Unidad de empleo,"AV. SAN MARTIN S/N, PB(4111)",0381-155031339,uecolombres@trabajo.gob.ar
25, Tucumán,CONCEPCION (OE),,Oficina de empleo,"DOMINGO SARMIENTO ESQUINA MARIANO MORENO, PB(4146)",03865-505257,oeconcepcion@trabajo.gob.ar
25, Tucumán,DELFIN GALLO (UE),,Unidad de empleo,"BARRIO EL BOSQUE 1ro CUADRA, PB(4117)",(0381) 155122599-154199833,uedelfingallo@trabajo.gob.ar
25, Tucumán,EL CHAÑAR (UE),,Unidad de empleo,"25 DE MAYO Y SARMIENTO S/N, PB(4117)",0381-5058202,ueelchanar@trabajo.gob.ar
25, Tucumán,EL MANANTIAL (OE),,Oficina de empleo,"BARRIO SOBERANIA NACIONAL RUTA 301 Y CRISTO REY, PB(4105)",0381-4391568,comunaelmanantial-ue@hotmail.com
25, Tucumán,EL MOLLAR (UE),,Unidad de empleo,"21 DE SEPTIEMBRE S/N - FRENTE A LA PLAZA, PB(4115)",0381-155717627,ueelmollar@trabajo.gob.ar
25, Tucumán,ESCABA (UE),,Unidad de empleo,"RUTA PROVINCIAL 308 KM 23, PB(4158)",03865472999/ 03865-15412488,ueescaba@trabajo.gob.ar
25, Tucumán,FAMAILLA (OE),,Oficina de empleo,"SARMIENTO 235, PB(4132)",03863 -462032,oefamailla@trabajo.gob.ar
25, Tucumán,GRANEROS (OE),,Oficina de empleo,"AVELLANEDA 184, PB(4159)",03891-491231,oegraneros@trabajo.gob.ar
25, Tucumán,JUAN BAUTISTA ALBERDI (OE),,Oficina de empleo,"LAPRIDA Nro 668, PB(4158)",03865-472870,oejbalberdi@trabajo.gob.ar
25, Tucumán,LA COCHA (OE),,Oficina de empleo,"SAN MARTIN NORTE 55, PB(4162)",03865 - 496506,oelacocha@trabajo.gob.ar
25, Tucumán,LA FLORIDA Y LUISIANA (UE),,Unidad de empleo,"HIPOLITO IRIGOYEN S/N, PB(4144)",0381-4922165,uelafloridayluisiana@trabajo.gob.ar
25, Tucumán,LA RAMADA Y LA CRUZ (UE),,Unidad de empleo,"24 DE SEPTIEMBRE S/N, PB(4119)",0381-4468804,uelaramadaylacruz@trabajo.gob.ar
25, Tucumán,LA TRINIDAD (UE),,Unidad de empleo,"LAS HERAS Y AV. LA FUENTE, PB(4151)",03865-15692696,uelatrinidad@trabajo.gob.ar
25, Tucumán,LAMADRID (UE),,Unidad de empleo,"25 DE MAYO S/N FTE. PLAZA URQUIZA, PB(4176)",0381 - 4185482,uelamadrid@trabajo.gob.ar
25, Tucumán,LAS TALITAS (OE),,Oficina de empleo,"CALLE 29 Y 10 - VILLA MARIANO MORENO , PB(4101)",03814-373405,oelastalitas@trabajo.gob.ar
25, Tucumán,LEON ROUGES (UE),,Unidad de empleo,"24 DE SEPTIEMBRE Y 28 DE MAYO, PB(4143)",03863 495151,ueleonrouges@trabajo.gob.ar
25, Tucumán,LOS NOGALES (UE),,Unidad de empleo,"RUTA NACIONAL 9 KM 1308, PB(4101)",03814921254,uelosnogales@trabajo.gob.ar
25, Tucumán,LOS RALOS (UE),,Unidad de empleo,"GUEMES Y PERITO MORENO, PB(4182)",03814712810,uelosralos@trabajo.gob.ar
25, Tucumán,LULES (OE),,Oficina de empleo,"ALTE. BROWN 351, PB(4128)",0381-4810068,oelules@trabajo.gob.ar
25, Tucumán,MANUELA PEDRAZA (UE),,Unidad de empleo,"RUTA NACIONAL 154, 1204, PB(4166)",0381-155267063,uemanuelapedraza@trabajo.gob.ar
25, Tucumán,MONTEROS (OE),,Oficina de empleo,"25 DE MAYO 263, PB(4142)",03863-428853,oemonteros@trabajo.gob.ar
25, Tucumán,QUILMES Y LOS SUELDOS (UE),,Unidad de empleo,"ECUADOR 200, PB(4141)",03815083685,uequilmesylossueldos@trabajo.gob.ar
25, Tucumán,RANCHILLOS (OE),,Oficina de empleo,"AVDA. SAN MARTIN 64, PB(4178)",03869-421498,oeranchillos@trabajo.gob.ar
25, Tucumán,SAN PABLO Y VILLA NOGUES (UE),,Unidad de empleo,"AV. SAN MARTIN 4, PB(4128)",03815891364,uesanpabloynogues@trabajo.gob.ar
25, Tucumán,SAN PEDRO DE COLALAO (UE),,Unidad de empleo,"9 DE JULIO Y LAS HERAS, PB(4124)",0381-155750090,uespdecolalao@trabajo.gob.ar
25, Tucumán,SANTA ANA (OE),,Oficina de empleo,"AV URQUIZA S/N, Y CARLOS PELLEGRINI, PB(4155)",03865-493000,oesantana@trabajo.gob.ar
25, Tucumán,SANTA LUCIA (UE),,Unidad de empleo,"AV. LIBERTADOR Y MARCOS AVELLANEDA, PB(4119)",0381-3383323,uecomunasantalucia@trabajo.gob.ar
25, Tucumán,SIMOCA (OE),,Oficina de empleo,"25 DE MAYO 174, PB(4172)",03863-481995,oesimoca@trabajo.gob.ar
25, Tucumán,TAFI DEL VALLE (OE),,Oficina de empleo,"PEATONAL LOS FAROLES S/N, PA(4137)",03867-421880,oetafidelvalle@trabajo.gob.ar
25, Tucumán,TAFI VIEJO (OE),,Oficina de empleo,"SAN MARTIN 130, PB(4103)",0381- 4616788 - 3075718,oetafiviejo@trabajo.gob.ar
25, Tucumán,TRANCAS (OE),,Oficina de empleo,"JUAN URBANC 161, PB(4124)",03862-421974,oetrancas@trabajo.gob.ar
25, Tucumán,YERBA BUENA (OE),,Oficina de empleo,"AV. ACONQUIJA 2021 GALERIA CENTRAL LOCAL 5, PB(4107)",03814-258022,oeyerbabuena@trabajo.gob.ar
1,Buenos Aires,AVELLANEDA (OE),Sede VILLA CORINA,Oficina de empleo (Sede),"CASACUBERTA 3955, PB, (1870)",02202439746 / 02202434536,oeavellaneda@trabajo.gob.ar
1,Buenos Aires,AYACUCHO (OE),Sede VILLA TRANQUILA,Oficina de empleo (Sede),"ESTEVEZ 1100, PB, (1870)",4654-2715,oeavellaneda@trabajo.gob.ar
1,Buenos Aires,LA PLATA (OE),Agencia provicial LA PLATA - MTEySS,Oficina de empleo (Sede),"CALLE 53 500 esquina 6, PB, (1900)",4275-7730 42756880,oeregionallaplata@trabajo.gob.ar
1,Buenos Aires,QUILMES (OE),Sede QUILMES IAPI,Oficina de empleo (Sede),"CALLE 844 2240 - SAN FRANCISCO SOLANO, PB, (1879)",4734-7752/9200 (280),oequilmesiap@trabajo.gob.ar
4,Chaco,RESISTENCIA (OE),Agencia provicial RESISTENCIA,Oficina de empleo (Sede),"MARCELO T. DE ALVEAR Y AV. SARMIENTO, PB, (3500)",03624-452953- int. 101,oeagenciapovchaco@trabajo.gob.ar
13,La Rioja,LA RIOJA (OE),Agencia provicial SUBSECRETRIA DE EMPLEO DE LA RIOJA,Oficina de empleo (Sede),"AV. ORTIZ DE OCAMPO 1700 - SECTOR ESTE - ACCESO 7, PB, (5300)",0380-4453726 // 0380-4453741,pendiente
19,San Juan,CIUDAD DE SAN JUAN (OE),Agencia provicial AGENCIA PROVINCIAL SAN JUAN,Oficina de empleo (Sede),"AV. ESPAÑA (SUR) 50, PB, (5400)",0264-4306032,oeagenciaprovincialsj@trabajo.gob.ar
22,Santa Fe,SANTA FE (OE),Sede Mitre,Oficina de empleo (Sede),"GENERAL LOPEZ 3687, PB, (3000)",03498-425500 interno 141,oesantafe@trabajo.gob.ar
22,Santa Fe,SANTA ROSA DE CALCHINES (UE),Sede Prado Español,Unidad de empleo (Sede),"GENERAL PAZ Y HERNANDARIAS, PB, (3000)",0342-4571835,oesantafe@trabajo.gob.ar
22,Santa Fe,SANTO TOME (OE),Sede SANTA FE CIC,Oficina de empleo (Sede),"FACUNDO ZUVIRIA 8020, PB, (3000)",03404-460025 - 460251,oesantafe@trabajo.gob.ar
22,Santa Fe,SAUCE VIEJO (OE),Sede SANTA FE Delegacion Noroeste,Oficina de empleo (Sede),"TENIENTE LOZA 6970, PB, (3000)",0342-4971706,oesantafe@trabajo.gob.ar
